Top Level Namespace,TOPPEN
AbsSyntTree,HTMLID
AggrFunc,HTMLID
Argument,HTMLID
Constant,HTMLID
CrystalDef,HTMLID
CrystalMacro,HTMLID
Macro,HTMLID
Method,HTMLID
RelativeLocation,HTMLID
TopIn,HTMLID
Type,HTMLID
TypeRef,HTMLID
AllParams,HTMLID
BackEnd,HTMLID
BasTableCreate,HTMLID
ColumnAttribute,HTMLID
CompileAst,HTMLID
CompileCreate,HTMLID
ConditionResult,HTMLID
CTEandDerivedX,HTMLID
Datat,HTMLID
DBDefGen,HTMLID
DBSchema,HTMLID
EntityTableCreate,HTMLID
ExecuteQr,HTMLID
FileFile,HTMLID
FileValues,HTMLID
FKCreate,HTMLID
GotSymbol,HTMLID
Grammar2AST,HTMLID
GrAST,HTMLID
LiteralValue,HTMLID
TablesToLoad,HTMLID
TheRoot,HTMLID
NumericValue,HTMLID
OuterRow,HTMLID
ParamIn,HTMLID
ParamName,HTMLID
Parse,HTMLID
PlainColumnCreate,HTMLID
QDelete,HTMLID
QFrom,HTMLID
QInsert,HTMLID
QRASTableCols,HTMLID
QRCUD,HTMLID
QRDualCompareOperation,HTMLID
QRDualScalarOperation,HTMLID
QRFirstJoin,HTMLID
QRGroupBy,HTMLID
QRLimit,HTMLID
QRLoadColnameValueOntoStack,HTMLID
QrLoadFileFile,HTMLID
QRLoadFileValues,HTMLID
QRLoadFromStore,HTMLID
QRLoadNumberValueOntoStack,HTMLID
QRLoadParamNameOnStack,HTMLID
QRLoadStringValueOntoStack,HTMLID
QRMoreCondExpr,HTMLID
QRMoreJoin,HTMLID
QRMoreScalarExpr,HTMLID
QROneCondExpr,HTMLID
QROrderBy,HTMLID
QRPartitionBy,HTMLID
QrPlainCTE,HTMLID
QRProject,HTMLID
QRProjectItem,HTMLID
QRProjectOver,HTMLID
QRScalarExpr,HTMLID
QRScalarItem,HTMLID
QRWhere,HTMLID
QRWindow,HTMLID
QRWithRecur,HTMLID
QShow,HTMLID
Query,HTMLID
QUpdate,HTMLID
QUpdateValue,HTMLID
SubQuery,HTMLID
TopInQr,HTMLID
RelatTableCreate,HTMLID
ResultSet,HTMLID
Rot,HTMLID
Stack,HTMLID
Stepper,HTMLID
Table,HTMLID
ToExec,HTMLID
TopAbsSyntTreeObj,HTMLID
ToParent,HTMLID
ToParser,HTMLID
ToRelated,HTMLID
Verify,HTMLID
VerifyBrowser,HTMLID
VerifyRecipe,HTMLID