AbsSyntTree,new,HTMLID
AbsSyntTree,content,HTMLID
AbsSyntTree,content=,HTMLID
AbsSyntTree,kind,HTMLID
AbsSyntTree,kind=,HTMLID
AbsSyntTree,rule_name,HTMLID
AbsSyntTree,rule_name=,HTMLID
AbsSyntTree,to_s,HTMLID
AbsSyntTree,value,HTMLID
AbsSyntTree,value=,HTMLID
AggrFunc,new,HTMLID
AggrFunc,count,HTMLID
AggrFunc,count=,HTMLID
AggrFunc,get_value,HTMLID
AggrFunc,kind,HTMLID
AggrFunc,kind=,HTMLID
AggrFunc,new_value,HTMLID
Argument,new,HTMLID
Argument,default_value,HTMLID
Argument,default_value=,HTMLID
Argument,doc,HTMLID
Argument,doc=,HTMLID
Argument,external_name,HTMLID
Argument,external_name=,HTMLID
Argument,name,HTMLID
Argument,name=,HTMLID
Argument,restriction,HTMLID
Argument,restriction=,HTMLID
Argument,to_s,HTMLID
Constant,new,HTMLID
Constant,doc,HTMLID
Constant,doc=,HTMLID
Constant,name,HTMLID
Constant,name=,HTMLID
Constant,summary,HTMLID
Constant,summary=,HTMLID
Constant,value,HTMLID
Constant,value=,HTMLID
CrystalDef,new,HTMLID
CrystalDef,args,HTMLID
CrystalDef,args=,HTMLID
CrystalDef,block_arg,HTMLID
CrystalDef,block_arg=,HTMLID
CrystalDef,body,HTMLID
CrystalDef,body=,HTMLID
CrystalDef,double_splat,HTMLID
CrystalDef,double_splat=,HTMLID
CrystalDef,name,HTMLID
CrystalDef,name=,HTMLID
CrystalDef,return_type,HTMLID
CrystalDef,return_type=,HTMLID
CrystalDef,splat_index,HTMLID
CrystalDef,splat_index=,HTMLID
CrystalDef,visibility,HTMLID
CrystalDef,visibility=,HTMLID
CrystalDef,yields,HTMLID
CrystalDef,yields=,HTMLID
CrystalMacro,new,HTMLID
CrystalMacro,args,HTMLID
CrystalMacro,args=,HTMLID
CrystalMacro,block_arg,HTMLID
CrystalMacro,block_arg=,HTMLID
CrystalMacro,body,HTMLID
CrystalMacro,body=,HTMLID
CrystalMacro,double_splat,HTMLID
CrystalMacro,double_splat=,HTMLID
CrystalMacro,splat_index,HTMLID
CrystalMacro,splat_index=,HTMLID
CrystalMacro,visibility,HTMLID
CrystalMacro,visibility=,HTMLID
Macro,new,HTMLID
Macro,abstract,HTMLID
Macro,abstract=,HTMLID
Macro,args,HTMLID
Macro,args=,HTMLID
Macro,args_string,HTMLID
Macro,args_string=,HTMLID
Macro,def,HTMLID
Macro,def=,HTMLID
Macro,doc,HTMLID
Macro,doc=,HTMLID
Macro,html_id,HTMLID
Macro,html_id=,HTMLID
Macro,id,HTMLID
Macro,id=,HTMLID
Macro,name,HTMLID
Macro,name=,HTMLID
Macro,source_link,HTMLID
Macro,source_link=,HTMLID
Macro,summary,HTMLID
Macro,summary=,HTMLID
Method,new,HTMLID
Method,abstract,HTMLID
Method,abstract=,HTMLID
Method,args,HTMLID
Method,args=,HTMLID
Method,args_string,HTMLID
Method,args_string=,HTMLID
Method,def,HTMLID
Method,def=,HTMLID
Method,doc,HTMLID
Method,doc=,HTMLID
Method,html_id,HTMLID
Method,html_id=,HTMLID
Method,id,HTMLID
Method,id=,HTMLID
Method,name,HTMLID
Method,name=,HTMLID
Method,return_type,HTMLID
Method,source_link,HTMLID
Method,source_link=,HTMLID
Method,summary,HTMLID
Method,summary=,HTMLID
RelativeLocation,new,HTMLID
RelativeLocation,filename,HTMLID
RelativeLocation,filename=,HTMLID
TopIn,new,HTMLID
TopIn,body,HTMLID
TopIn,body=,HTMLID
TopIn,program,HTMLID
TopIn,program=,HTMLID
TopIn,repository_name,HTMLID
TopIn,repository_name=,HTMLID
Type,new,HTMLID
Type,abstract,HTMLID
Type,abstract=,HTMLID
Type,alias,HTMLID
Type,alias=,HTMLID
Type,aliased,HTMLID
Type,aliased=,HTMLID
Type,ancestors,HTMLID
Type,ancestors=,HTMLID
Type,class_methods,HTMLID
Type,class_methods=,HTMLID
Type,const,HTMLID
Type,const=,HTMLID
Type,constants,HTMLID
Type,constants=,HTMLID
Type,constructors,HTMLID
Type,constructors=,HTMLID
Type,doc,HTMLID
Type,doc=,HTMLID
Type,enum,HTMLID
Type,enum=,HTMLID
Type,extended_modules,HTMLID
Type,extended_modules=,HTMLID
Type,full_name,HTMLID
Type,full_name=,HTMLID
Type,html_id,HTMLID
Type,html_id=,HTMLID
Type,included_modules,HTMLID
Type,included_modules=,HTMLID
Type,including_types,HTMLID
Type,including_types=,HTMLID
Type,instance_methods,HTMLID
Type,instance_methods=,HTMLID
Type,kind,HTMLID
Type,kind=,HTMLID
Type,locations,HTMLID
Type,locations=,HTMLID
Type,macros,HTMLID
Type,macros=,HTMLID
Type,name,HTMLID
Type,name=,HTMLID
Type,namespace,HTMLID
Type,namespace=,HTMLID
Type,path,HTMLID
Type,path=,HTMLID
Type,pick_modules,HTMLID
Type,program,HTMLID
Type,program=,HTMLID
Type,repository_name,HTMLID
Type,repository_name=,HTMLID
Type,subclasses,HTMLID
Type,subclasses=,HTMLID
Type,summary,HTMLID
Type,summary=,HTMLID
Type,superclass,HTMLID
Type,superclass=,HTMLID
Type,types,HTMLID
Type,types=,HTMLID
TypeRef,new,HTMLID
TypeRef,full_name,HTMLID
TypeRef,full_name=,HTMLID
TypeRef,html_id,HTMLID
TypeRef,html_id=,HTMLID
TypeRef,kind,HTMLID
TypeRef,kind=,HTMLID
TypeRef,name,HTMLID
TypeRef,name=,HTMLID
TypeRef,to_s,HTMLID
AllParams,new,HTMLID
AllParams,the_params,HTMLID
AllParams,the_params=,HTMLID
BackEnd,new,HTMLID
BackEnd,db,HTMLID
BackEnd,db=,HTMLID
BackEnd,go_exec_sql,HTMLID
BackEnd,go_exec_stored_procedure,HTMLID
BackEnd,process_rqst,HTMLID
BasTableCreate,new,HTMLID
BasTableCreate,collect_pk,HTMLID
BasTableCreate,entity,HTMLID
BasTableCreate,entity=,HTMLID
BasTableCreate,get_pk,HTMLID
BasTableCreate,kind,HTMLID
BasTableCreate,kind=,HTMLID
BasTableCreate,plain_attributes,HTMLID
BasTableCreate,plain_attributes=,HTMLID
BasTableCreate,relat,HTMLID
BasTableCreate,relat=,HTMLID
BasTableCreate,related_attributes,HTMLID
BasTableCreate,related_attributes=,HTMLID
BasTableCreate,tablename,HTMLID
BasTableCreate,tablename=,HTMLID
ColumnAttribute,new,HTMLID
ColumnAttribute,is_optional,HTMLID
ColumnAttribute,is_optional=,HTMLID
ColumnAttribute,is_unique,HTMLID
ColumnAttribute,is_unique=,HTMLID
ColumnAttribute,name,HTMLID
ColumnAttribute,name=,HTMLID
ColumnAttribute,relative_entity,HTMLID
ColumnAttribute,relative_entity=,HTMLID
CompileAst,new,HTMLID
CompileAst,convert_r_nypscalarexp_2_QRScalarItem,HTMLID
CompileAst,db,HTMLID
CompileAst,db=,HTMLID
CompileAst,ensure_resword,HTMLID
CompileAst,get_r_DQString_Lx_value,HTMLID
CompileAst,get_r_Number_Lx_value,HTMLID
CompileAst,get_r_Param_Lx_value,HTMLID
CompileAst,get_r_scalaroper_Lx_value,HTMLID
CompileAst,get_r_SQString_Lx_value,HTMLID
CompileAst,get_r_TID_value,HTMLID
CompileAst,get_resword_value,HTMLID
CompileAst,go,HTMLID
CompileAst,is_rulename,HTMLID
CompileAst,is_type_AS_CID,HTMLID
CompileAst,is_type_AS_TID,HTMLID
CompileAst,is_type_comment,HTMLID
CompileAst,is_type_deletebody,HTMLID
CompileAst,is_type_from,HTMLID
CompileAst,is_type_fullcondexpr,HTMLID
CompileAst,is_type_groupby,HTMLID
CompileAst,is_type_having,HTMLID
CompileAst,is_type_Identifier_Lx,HTMLID
CompileAst,is_type_insertbody,HTMLID
CompileAst,is_type_joiner_or_setoper,HTMLID
CompileAst,is_type_limit,HTMLID
CompileAst,is_type_Number_Lx,HTMLID
CompileAst,is_type_nyprojectitem,HTMLID
CompileAst,is_type_nypscalarexp,HTMLID
CompileAst,is_type_onrule,HTMLID
CompileAst,is_type_orderby,HTMLID
CompileAst,is_type_over,HTMLID
CompileAst,is_type_partby,HTMLID
CompileAst,is_type_project,HTMLID
CompileAst,is_type_projectbody,HTMLID
CompileAst,is_type_projselectbodyorscalarexp,HTMLID
CompileAst,is_type_scalarexp,HTMLID
CompileAst,is_type_scalarexpselectbodyorscalarexp,HTMLID
CompileAst,is_type_show,HTMLID
CompileAst,is_type_StandardFunctionEnum,HTMLID
CompileAst,is_type_tablename,HTMLID
CompileAst,is_type_tbl_alias,HTMLID
CompileAst,is_type_tbl_col_alias,HTMLID
CompileAst,is_type_TID,HTMLID
CompileAst,is_type_updatebody,HTMLID
CompileAst,is_type_value_or_select,HTMLID
CompileAst,is_type_where,HTMLID
CompileAst,is_type_whererule,HTMLID
CompileAst,is_type_window,HTMLID
CompileAst,is_type_with,HTMLID
CompileAst,is_type_withplain,HTMLID
CompileAst,is_type_withrecur,HTMLID
CompileAst,must_kind_value,HTMLID
CompileAst,r_AS_CID,HTMLID
CompileAst,r_AS_TID,HTMLID
CompileAst,r_column_comma_list,HTMLID
CompileAst,r_compoper_Lx,HTMLID
CompileAst,r_condexpr,HTMLID
CompileAst,r_deletebody,HTMLID
CompileAst,r_from,HTMLID
CompileAst,r_fullcondexpr,HTMLID
CompileAst,r_groupby,HTMLID
CompileAst,r_having,HTMLID
CompileAst,r_Identifier_Lx,HTMLID
CompileAst,r_insertbody,HTMLID
CompileAst,r_joiner_or_setoper,HTMLID
CompileAst,r_limit,HTMLID
CompileAst,r_nyprojectitem,HTMLID
CompileAst,r_nypscalarexp,HTMLID
CompileAst,r_onrule,HTMLID
CompileAst,r_orderby,HTMLID
CompileAst,r_over,HTMLID
CompileAst,r_partby,HTMLID
CompileAst,r_pcondexpr,HTMLID
CompileAst,r_project,HTMLID
CompileAst,r_projectbody,HTMLID
CompileAst,r_projselectbodyorscalarexp,HTMLID
CompileAst,r_pscalarexp,HTMLID
CompileAst,r_psimplecond,HTMLID
CompileAst,r_relation_body,HTMLID
CompileAst,r_scalarexp,HTMLID
CompileAst,r_scalarexpselectbodyorscalarexp,HTMLID
CompileAst,r_scalarterm,HTMLID
CompileAst,r_show,HTMLID
CompileAst,r_simplecond,HTMLID
CompileAst,r_simpleprojectitem,HTMLID
CompileAst,r_standardfunction,HTMLID
CompileAst,r_table_ref,HTMLID
CompileAst,r_tablename,HTMLID
CompileAst,r_tbl_col_alias,HTMLID
CompileAst,r_updatebody,HTMLID
CompileAst,r_value_list,HTMLID
CompileAst,r_value_or_select,HTMLID
CompileAst,r_where,HTMLID
CompileAst,r_whererule,HTMLID
CompileAst,r_window,HTMLID
CompileAst,r_with,HTMLID
CompileAst,r_withplain,HTMLID
CompileAst,r_withrecur,HTMLID
CompileCreate,new,HTMLID
CompileCreate,is_type_Digit09_Cs,HTMLID
CompileCreate,is_type_Identifier_Lx,HTMLID
CompileCreate,is_type_Literal_Cs,HTMLID
CompileCreate,is_type_plaincols,HTMLID
CompileCreate,is_type_relcols,HTMLID
CompileCreate,is_type_SQString_Lx,HTMLID
CompileCreate,r_acolumn,HTMLID
CompileCreate,r_colname,HTMLID
CompileCreate,r_create,HTMLID
CompileCreate,r_Createtable,HTMLID
CompileCreate,r_Digit09_Cs,HTMLID
CompileCreate,r_Digit19_Cs,HTMLID
CompileCreate,r_entkey,HTMLID
CompileCreate,r_enttable,HTMLID
CompileCreate,r_Identifier_Lx,HTMLID
CompileCreate,r_Literal_Cs,HTMLID
CompileCreate,r_plaincols,HTMLID
CompileCreate,r_prefixed,HTMLID
CompileCreate,r_relcols,HTMLID
CompileCreate,r_relkey,HTMLID
CompileCreate,r_reltable,HTMLID
CompileCreate,r_sqlattribute,HTMLID
CompileCreate,r_SQString_Lx,HTMLID
CompileCreate,r_tablename,HTMLID
CompileCreate,r_tablenameandmore,HTMLID
CompileCreate,type_acolumn,HTMLID
CompileCreate,type_colname,HTMLID
CompileCreate,type_create,HTMLID
CompileCreate,type_Createtable,HTMLID
CompileCreate,type_Digit19_Cs,HTMLID
CompileCreate,type_entkey,HTMLID
CompileCreate,type_enttable,HTMLID
CompileCreate,type_prefixed,HTMLID
CompileCreate,type_relkey,HTMLID
CompileCreate,type_reltable,HTMLID
CompileCreate,type_sqlattribute,HTMLID
CompileCreate,type_tablename,HTMLID
CompileCreate,type_tablenameandmore,HTMLID
ConditionResult,new,HTMLID
ConditionResult,dump,HTMLID
ConditionResult,isNumeric,HTMLID
ConditionResult,isNumeric=,HTMLID
ConditionResult,to_num,HTMLID
ConditionResult,to_str,HTMLID
ConditionResult,value,HTMLID
ConditionResult,value=,HTMLID
CTEandDerivedX,new,HTMLID
CTEandDerivedX,add_cte_def,HTMLID
CTEandDerivedX,add_values_def,HTMLID
CTEandDerivedX,dump,HTMLID
CTEandDerivedX,find_table,HTMLID
CTEandDerivedX,tables,HTMLID
CTEandDerivedX,tables=,HTMLID
Datat,new,HTMLID
Datat,ent_classes,HTMLID
Datat,ent_classes=,HTMLID
Datat,ent_methods,HTMLID
Datat,ent_methods=,HTMLID
Datat,ent_modules,HTMLID
Datat,ent_modules=,HTMLID
Datat,rel_class_methods,HTMLID
Datat,rel_class_methods=,HTMLID
Datat,rel_module_methods,HTMLID
Datat,rel_module_methods=,HTMLID
DBDefGen,new,HTMLID
DBDefGen,is_type_acolumn,HTMLID
DBDefGen,is_type_andor,HTMLID
DBDefGen,is_type_AS_CID,HTMLID
DBDefGen,is_type_AS_TID,HTMLID
DBDefGen,is_type_colname,HTMLID
DBDefGen,is_type_column_comma_list,HTMLID
DBDefGen,is_type_condexpr,HTMLID
DBDefGen,is_type_create,HTMLID
DBDefGen,is_type_Createtable,HTMLID
DBDefGen,is_type_Digit09_Cs,HTMLID
DBDefGen,is_type_Digit19_Cs,HTMLID
DBDefGen,is_type_entkey,HTMLID
DBDefGen,is_type_enttable,HTMLID
DBDefGen,is_type_from,HTMLID
DBDefGen,is_type_fullcondexpr,HTMLID
DBDefGen,is_type_groupby,HTMLID
DBDefGen,is_type_having,HTMLID
DBDefGen,is_type_Identifier_Lx,HTMLID
DBDefGen,is_type_insertbody,HTMLID
DBDefGen,is_type_join_type,HTMLID
DBDefGen,is_type_joiner_or_setoper,HTMLID
DBDefGen,is_type_limit,HTMLID
DBDefGen,is_type_Literal_Cs,HTMLID
DBDefGen,is_type_Number_Lx,HTMLID
DBDefGen,is_type_nyprojectitem,HTMLID
DBDefGen,is_type_nypscalarexp,HTMLID
DBDefGen,is_type_onrule,HTMLID
DBDefGen,is_type_orderby,HTMLID
DBDefGen,is_type_over,HTMLID
DBDefGen,is_type_parentas,HTMLID
DBDefGen,is_type_partby,HTMLID
DBDefGen,is_type_pcondexpr,HTMLID
DBDefGen,is_type_plaincols,HTMLID
DBDefGen,is_type_Program,HTMLID
DBDefGen,is_type_project,HTMLID
DBDefGen,is_type_project_expression,HTMLID
DBDefGen,is_type_projectbody,HTMLID
DBDefGen,is_type_projectitem,HTMLID
DBDefGen,is_type_pscalarexp,HTMLID
DBDefGen,is_type_psimplecond,HTMLID
DBDefGen,is_type_relation_body,HTMLID
DBDefGen,is_type_relcols,HTMLID
DBDefGen,is_type_relkey,HTMLID
DBDefGen,is_type_reltable,HTMLID
DBDefGen,is_type_scalarexp,HTMLID
DBDefGen,is_type_scalarterm,HTMLID
DBDefGen,is_type_simplecond,HTMLID
DBDefGen,is_type_simpleprojectitem,HTMLID
DBDefGen,is_type_sqlattribute,HTMLID
DBDefGen,is_type_standardfunction,HTMLID
DBDefGen,is_type_table_ref,HTMLID
DBDefGen,is_type_tablename,HTMLID
DBDefGen,is_type_tablenameandmore,HTMLID
DBDefGen,is_type_tbl_alias,HTMLID
DBDefGen,is_type_tbl_col_alias,HTMLID
DBDefGen,is_type_TID,HTMLID
DBDefGen,is_type_updatebody,HTMLID
DBDefGen,is_type_value_list,HTMLID
DBDefGen,is_type_where,HTMLID
DBDefGen,is_type_whererule,HTMLID
DBDefGen,is_type_window,HTMLID
DBDefGen,is_type_with,HTMLID
DBDefGen,is_type_withplain,HTMLID
DBDefGen,is_type_withrecur,HTMLID
DBDefGen,is_type_xxx,HTMLID
DBDefGen,is_type_yyy,HTMLID
DBDefGen,r_acolumn,HTMLID
DBDefGen,r_andor,HTMLID
DBDefGen,r_AS_CID,HTMLID
DBDefGen,r_AS_TID,HTMLID
DBDefGen,r_colname,HTMLID
DBDefGen,r_column_comma_list,HTMLID
DBDefGen,r_condexpr,HTMLID
DBDefGen,r_create,HTMLID
DBDefGen,r_Createtable,HTMLID
DBDefGen,r_Digit09_Cs,HTMLID
DBDefGen,r_Digit19_Cs,HTMLID
DBDefGen,r_entkey,HTMLID
DBDefGen,r_enttable,HTMLID
DBDefGen,r_from,HTMLID
DBDefGen,r_fullcondexpr,HTMLID
DBDefGen,r_groupby,HTMLID
DBDefGen,r_having,HTMLID
DBDefGen,r_Identifier_Lx,HTMLID
DBDefGen,r_insertbody,HTMLID
DBDefGen,r_join_type,HTMLID
DBDefGen,r_joiner_or_setoper,HTMLID
DBDefGen,r_limit,HTMLID
DBDefGen,r_Literal_Cs,HTMLID
DBDefGen,r_Number_Lx,HTMLID
DBDefGen,r_nyprojectitem,HTMLID
DBDefGen,r_nypscalarexp,HTMLID
DBDefGen,r_onrule,HTMLID
DBDefGen,r_orderby,HTMLID
DBDefGen,r_over,HTMLID
DBDefGen,r_parentas,HTMLID
DBDefGen,r_partby,HTMLID
DBDefGen,r_pcondexpr,HTMLID
DBDefGen,r_plaincols,HTMLID
DBDefGen,r_Program,HTMLID
DBDefGen,r_project,HTMLID
DBDefGen,r_project_expression,HTMLID
DBDefGen,r_projectbody,HTMLID
DBDefGen,r_projectitem,HTMLID
DBDefGen,r_pscalarexp,HTMLID
DBDefGen,r_psimplecond,HTMLID
DBDefGen,r_relation_body,HTMLID
DBDefGen,r_relcols,HTMLID
DBDefGen,r_relkey,HTMLID
DBDefGen,r_reltable,HTMLID
DBDefGen,r_scalarexp,HTMLID
DBDefGen,r_scalarterm,HTMLID
DBDefGen,r_simplecond,HTMLID
DBDefGen,r_simpleprojectitem,HTMLID
DBDefGen,r_sqlattribute,HTMLID
DBDefGen,r_standardfunction,HTMLID
DBDefGen,r_table_ref,HTMLID
DBDefGen,r_tablename,HTMLID
DBDefGen,r_tablenameandmore,HTMLID
DBDefGen,r_tbl_alias,HTMLID
DBDefGen,r_tbl_col_alias,HTMLID
DBDefGen,r_TID,HTMLID
DBDefGen,r_updatebody,HTMLID
DBDefGen,r_value_list,HTMLID
DBDefGen,r_where,HTMLID
DBDefGen,r_whererule,HTMLID
DBDefGen,r_window,HTMLID
DBDefGen,r_with,HTMLID
DBDefGen,r_withplain,HTMLID
DBDefGen,r_withrecur,HTMLID
DBDefGen,r_xxx,HTMLID
DBDefGen,r_yyy,HTMLID
DBSchema,new,HTMLID
DBSchema,add_csv_table,HTMLID
DBSchema,add_cte_def,HTMLID
DBSchema,add_result_set,HTMLID
DBSchema,add_value_table,HTMLID
DBSchema,all_tables_as_result,HTMLID
DBSchema,cte_and_derived_tables,HTMLID
DBSchema,cte_and_derived_tables=,HTMLID
DBSchema,find_table,HTMLID
DBSchema,find_table_by_name,HTMLID
DBSchema,find_table_obj,HTMLID
DBSchema,one_table_as_result,HTMLID
DBSchema,save_to_dir,HTMLID
DBSchema,set_up_related_objs,HTMLID
DBSchema,tables,HTMLID
DBSchema,tables=,HTMLID
EntityTableCreate,new,HTMLID
EntityTableCreate,pk,HTMLID
EntityTableCreate,pk=,HTMLID
ExecuteQr,params,HTMLID
ExecuteQr,params=,HTMLID
ExecuteQr,path_csv,HTMLID
ExecuteQr,stack,HTMLID
ExecuteQr,new,HTMLID
ExecuteQr,exec_groupby,HTMLID
ExecuteQr,exec_project,HTMLID
ExecuteQr,exec_project_from_window,HTMLID
ExecuteQr,exec_scalarexpr,HTMLID
ExecuteQr,exec_show_table,HTMLID
ExecuteQr,exec_update_projection,HTMLID
ExecuteQr,exec_where,HTMLID
ExecuteQr,exec_window,HTMLID
ExecuteQr,execorderby,HTMLID
ExecuteQr,get_an_iter,HTMLID
ExecuteQr,go,HTMLID
ExecuteQr,join_it,HTMLID
ExecuteQr,qrdel,HTMLID
ExecuteQr,qrins,HTMLID
ExecuteQr,qrqr,HTMLID
ExecuteQr,qrupd,HTMLID
ExecuteQr,subqr,HTMLID
FileFile,new,HTMLID
FileFile,filename,HTMLID
FileFile,filename=,HTMLID
FileFile,indexname,HTMLID
FileFile,indexname=,HTMLID
FileFile,to_num,HTMLID
FileValues,new,HTMLID
FileValues,asname,HTMLID
FileValues,asname=,HTMLID
FileValues,colnames,HTMLID
FileValues,colnames=,HTMLID
FileValues,to_num,HTMLID
FKCreate,new,HTMLID
FKCreate,collect_fk,HTMLID
FKCreate,collected_fk,HTMLID
FKCreate,collected_fk=,HTMLID
FKCreate,parent_table_name,HTMLID
FKCreate,parent_table_name=,HTMLID
FKCreate,parent_table_obj,HTMLID
FKCreate,parent_table_obj=,HTMLID
FKCreate,prefix,HTMLID
FKCreate,prefix=,HTMLID
GotSymbol,new,HTMLID
GotSymbol,kind,HTMLID
GotSymbol,kind=,HTMLID
GotSymbol,set_value,HTMLID
GotSymbol,to_s,HTMLID
GotSymbol,value,HTMLID
GotSymbol,value=,HTMLID
Grammar2AST,new,HTMLID
Grammar2AST,all_ruleObjs,HTMLID
Grammar2AST,all_ruleObjs=,HTMLID
Grammar2AST,at,HTMLID
Grammar2AST,at=,HTMLID
Grammar2AST,ch,HTMLID
Grammar2AST,ch=,HTMLID
Grammar2AST,eofinput,HTMLID
Grammar2AST,f_CharLiteral_Lx,HTMLID
Grammar2AST,f_CharSet,HTMLID
Grammar2AST,f_CharSetExpr,HTMLID
Grammar2AST,f_Choice,HTMLID
Grammar2AST,f_Digit19_Cs,HTMLID
Grammar2AST,f_DIGIT_Fraction,HTMLID
Grammar2AST,f_DQString_Lx,HTMLID
Grammar2AST,f_Grammar,HTMLID
Grammar2AST,f_Identifier_Lx,HTMLID
Grammar2AST,f_Literal_Fraction,HTMLID
Grammar2AST,f_Number_Lx,HTMLID
Grammar2AST,f_OneCharLiteral_Lx,HTMLID
Grammar2AST,f_Primary,HTMLID
Grammar2AST,f_Repeats_Lx,HTMLID
Grammar2AST,f_Rule,HTMLID
Grammar2AST,f_Sequence,HTMLID
Grammar2AST,first_in_CharLiteral_Lx,HTMLID
Grammar2AST,first_in_DQString_Lx,HTMLID
Grammar2AST,first_in_Identifier_Lx,HTMLID
Grammar2AST,first_in_Number_Lx,HTMLID
Grammar2AST,first_in_Primary,HTMLID
Grammar2AST,first_in_Rule,HTMLID
Grammar2AST,in_any_next,HTMLID
Grammar2AST,in_must_and_nowhite_next,HTMLID
Grammar2AST,in_must_next,HTMLID
Grammar2AST,in_white,HTMLID
Grammar2AST,parseGrammer,HTMLID
Grammar2AST,rules,HTMLID
Grammar2AST,rules=,HTMLID
GrAST,new,HTMLID
GrAST,dump,HTMLID
GrAST,fromchar,HTMLID
GrAST,fromchar=,HTMLID
GrAST,kids,HTMLID
GrAST,kids=,HTMLID
GrAST,kind,HTMLID
GrAST,kind=,HTMLID
GrAST,list,HTMLID
GrAST,list=,HTMLID
GrAST,prefix,HTMLID
GrAST,prefix=,HTMLID
GrAST,refrulename,HTMLID
GrAST,refrulename=,HTMLID
GrAST,rule_type,HTMLID
GrAST,rule_type=,HTMLID
GrAST,rulename,HTMLID
GrAST,rulename=,HTMLID
GrAST,tochar,HTMLID
GrAST,tochar=,HTMLID
GrAST,tokenvalue,HTMLID
GrAST,tokenvalue=,HTMLID
GrAST,values,HTMLID
GrAST,values=,HTMLID
LiteralValue,new,HTMLID
LiteralValue,dump,HTMLID
LiteralValue,isNumeric,HTMLID
LiteralValue,isNumeric=,HTMLID
LiteralValue,to_num,HTMLID
LiteralValue,to_s,HTMLID
LiteralValue,to_str,HTMLID
LiteralValue,value,HTMLID
LiteralValue,value=,HTMLID
TablesToLoad,new,HTMLID
TablesToLoad,columns,HTMLID
TablesToLoad,columns=,HTMLID
TablesToLoad,data_file_name,HTMLID
TablesToLoad,data_file_name=,HTMLID
TablesToLoad,dont_load_this,HTMLID
TablesToLoad,dont_load_this=,HTMLID
TablesToLoad,tablenam,HTMLID
TablesToLoad,tablenam=,HTMLID
TheRoot,new,HTMLID
TheRoot,rot,HTMLID
TheRoot,rot=,HTMLID
TheRoot,tables,HTMLID
TheRoot,tables=,HTMLID
NumericValue,new,HTMLID
NumericValue,dump,HTMLID
NumericValue,isNumeric,HTMLID
NumericValue,isNumeric=,HTMLID
NumericValue,to_num,HTMLID
NumericValue,to_s,HTMLID
NumericValue,to_str,HTMLID
NumericValue,value,HTMLID
NumericValue,value=,HTMLID
OuterRow,new,HTMLID
OuterRow,as_one_row,HTMLID
OuterRow,colnames,HTMLID
OuterRow,colnames=,HTMLID
OuterRow,filename,HTMLID
OuterRow,filename=,HTMLID
OuterRow,the_row,HTMLID
OuterRow,the_row=,HTMLID
ParamIn,new,HTMLID
ParamIn,paramname,HTMLID
ParamIn,paramname=,HTMLID
ParamIn,value,HTMLID
ParamIn,value=,HTMLID
ParamName,new,HTMLID
ParamName,dump,HTMLID
ParamName,isNumeric,HTMLID
ParamName,isNumeric=,HTMLID
ParamName,to_num,HTMLID
ParamName,to_s,HTMLID
ParamName,to_str,HTMLID
ParamName,value,HTMLID
ParamName,value=,HTMLID
Parse,new,HTMLID
Parse,all_ruleObjs,HTMLID
Parse,all_ruleObjs=,HTMLID
Parse,at,HTMLID
Parse,at=,HTMLID
Parse,ch,HTMLID
Parse,ch=,HTMLID
Parse,error,HTMLID
Parse,first_in_r_acolumn,HTMLID
Parse,first_in_r_andor,HTMLID
Parse,first_in_r_AS_CID,HTMLID
Parse,first_in_r_AS_TID,HTMLID
Parse,first_in_r_colname,HTMLID
Parse,first_in_r_column_comma_list,HTMLID
Parse,first_in_r_comments,HTMLID
Parse,first_in_r_compoper_Lx,HTMLID
Parse,first_in_r_condexpr,HTMLID
Parse,first_in_r_create,HTMLID
Parse,first_in_r_Createtable,HTMLID
Parse,first_in_r_deletebody,HTMLID
Parse,first_in_r_Digit09_Cs,HTMLID
Parse,first_in_r_Digit19_Cs,HTMLID
Parse,first_in_r_DQString_Lx,HTMLID
Parse,first_in_r_entkey,HTMLID
Parse,first_in_r_enttable,HTMLID
Parse,first_in_r_FloatNumber_Lx,HTMLID
Parse,first_in_r_from,HTMLID
Parse,first_in_r_fullcondexpr,HTMLID
Parse,first_in_r_groupby,HTMLID
Parse,first_in_r_having,HTMLID
Parse,first_in_r_Identifier_Lx,HTMLID
Parse,first_in_r_insertbody,HTMLID
Parse,first_in_r_IntegerNumber_Lx,HTMLID
Parse,first_in_r_join_type,HTMLID
Parse,first_in_r_joiner_or_setoper,HTMLID
Parse,first_in_r_limit,HTMLID
Parse,first_in_r_Literal_Cs,HTMLID
Parse,first_in_r_Number_Lx,HTMLID
Parse,first_in_r_nyprojectitem,HTMLID
Parse,first_in_r_nypscalarexp,HTMLID
Parse,first_in_r_onrule,HTMLID
Parse,first_in_r_orderby,HTMLID
Parse,first_in_r_over,HTMLID
Parse,first_in_r_Param_Lx,HTMLID
Parse,first_in_r_partby,HTMLID
Parse,first_in_r_pcondexpr,HTMLID
Parse,first_in_r_plaincols,HTMLID
Parse,first_in_r_prefixed,HTMLID
Parse,first_in_r_Program,HTMLID
Parse,first_in_r_project,HTMLID
Parse,first_in_r_projectbody,HTMLID
Parse,first_in_r_projselectbodyorscalarexp,HTMLID
Parse,first_in_r_psimplecond,HTMLID
Parse,first_in_r_relation_body,HTMLID
Parse,first_in_r_relcols,HTMLID
Parse,first_in_r_relkey,HTMLID
Parse,first_in_r_reltable,HTMLID
Parse,first_in_r_scalarexp,HTMLID
Parse,first_in_r_scalarexpselectbodyorscalarexp,HTMLID
Parse,first_in_r_scalaroper_Lx,HTMLID
Parse,first_in_r_scalarterm,HTMLID
Parse,first_in_r_simplecond,HTMLID
Parse,first_in_r_simpleprojectitem,HTMLID
Parse,first_in_r_sqlattribute,HTMLID
Parse,first_in_r_SQString_Lx,HTMLID
Parse,first_in_r_standardfunction,HTMLID
Parse,first_in_r_table_ref,HTMLID
Parse,first_in_r_tablename,HTMLID
Parse,first_in_r_tablenameandmore,HTMLID
Parse,first_in_r_tbl_col_alias,HTMLID
Parse,first_in_r_TID,HTMLID
Parse,first_in_r_updatebody,HTMLID
Parse,first_in_r_value_list,HTMLID
Parse,first_in_r_value_or_select,HTMLID
Parse,first_in_r_whererule,HTMLID
Parse,first_in_r_window,HTMLID
Parse,first_in_r_with,HTMLID
Parse,first_in_r_withplain,HTMLID
Parse,first_in_r_withrecur,HTMLID
Parse,in_any_next,HTMLID
Parse,in_must_and_nowhite_next,HTMLID
Parse,in_must_next,HTMLID
Parse,in_res_oper,HTMLID
Parse,in_res_word,HTMLID
Parse,in_white,HTMLID
Parse,parseCreate,HTMLID
Parse,parseQuery,HTMLID
Parse,pgmsor,HTMLID
Parse,pgmsor=,HTMLID
Parse,r_acolumn,HTMLID
Parse,r_andor,HTMLID
Parse,r_AS_CID,HTMLID
Parse,r_AS_TID,HTMLID
Parse,r_colname,HTMLID
Parse,r_column_comma_list,HTMLID
Parse,r_comments,HTMLID
Parse,r_compoper_Lx,HTMLID
Parse,r_condexpr,HTMLID
Parse,r_create,HTMLID
Parse,r_Createtable,HTMLID
Parse,r_deletebody,HTMLID
Parse,r_Digit09_Cs,HTMLID
Parse,r_Digit19_Cs,HTMLID
Parse,r_DQString_Lx,HTMLID
Parse,r_entkey,HTMLID
Parse,r_enttable,HTMLID
Parse,r_FloatNumber_Lx,HTMLID
Parse,r_from,HTMLID
Parse,r_fullcondexpr,HTMLID
Parse,r_fullrow_Lx,HTMLID
Parse,r_groupby,HTMLID
Parse,r_having,HTMLID
Parse,r_Identifier_Lx,HTMLID
Parse,r_in_must_and_nowhite_next,HTMLID
Parse,r_insertbody,HTMLID
Parse,r_IntegerNumber_Lx,HTMLID
Parse,r_join_type,HTMLID
Parse,r_joiner_or_setoper,HTMLID
Parse,r_limit,HTMLID
Parse,r_Literal_Cs,HTMLID
Parse,r_Number_Lx,HTMLID
Parse,r_nyprojectitem,HTMLID
Parse,r_nypscalarexp,HTMLID
Parse,r_onrule,HTMLID
Parse,r_orderby,HTMLID
Parse,r_over,HTMLID
Parse,r_Param_Lx,HTMLID
Parse,r_partby,HTMLID
Parse,r_pcondexpr,HTMLID
Parse,r_plaincols,HTMLID
Parse,r_prefixed,HTMLID
Parse,r_Program,HTMLID
Parse,r_project,HTMLID
Parse,r_projectbody,HTMLID
Parse,r_projselectbodyorscalarexp,HTMLID
Parse,r_psimplecond,HTMLID
Parse,r_relation_body,HTMLID
Parse,r_relcols,HTMLID
Parse,r_relkey,HTMLID
Parse,r_reltable,HTMLID
Parse,r_scalarexp,HTMLID
Parse,r_scalarexpselectbodyorscalarexp,HTMLID
Parse,r_scalaroper_Lx,HTMLID
Parse,r_scalarterm,HTMLID
Parse,r_simplecond,HTMLID
Parse,r_simpleprojectitem,HTMLID
Parse,r_sqlattribute,HTMLID
Parse,r_SQString_Lx,HTMLID
Parse,r_standardfunction,HTMLID
Parse,r_table_ref,HTMLID
Parse,r_tablename,HTMLID
Parse,r_tablenameandmore,HTMLID
Parse,r_tbl_col_alias,HTMLID
Parse,r_TID,HTMLID
Parse,r_updatebody,HTMLID
Parse,r_value_list,HTMLID
Parse,r_value_or_select,HTMLID
Parse,r_whererule,HTMLID
Parse,r_window,HTMLID
Parse,r_with,HTMLID
Parse,r_withplain,HTMLID
Parse,r_withrecur,HTMLID
PlainColumnCreate,new,HTMLID
PlainColumnCreate,col_name,HTMLID
PlainColumnCreate,col_name=,HTMLID
PlainColumnCreate,default_value,HTMLID
PlainColumnCreate,default_value=,HTMLID
PlainColumnCreate,is_indexed,HTMLID
PlainColumnCreate,is_indexed=,HTMLID
PlainColumnCreate,is_optional,HTMLID
PlainColumnCreate,is_optional=,HTMLID
PlainColumnCreate,is_ordererd,HTMLID
PlainColumnCreate,is_ordererd=,HTMLID
PlainColumnCreate,is_unique,HTMLID
PlainColumnCreate,is_unique=,HTMLID
PlainColumnCreate,sql_attributes,HTMLID
PlainColumnCreate,sql_attributes=,HTMLID
QDelete,new,HTMLID
QDelete,tag,HTMLID
QDelete,tag=,HTMLID
QDelete,whereexpr,HTMLID
QDelete,whereexpr=,HTMLID
QFrom,new,HTMLID
QFrom,from_QRFirstJoin,HTMLID
QFrom,from_QRFirstJoin=,HTMLID
QFrom,from_QrLoadFileFile,HTMLID
QFrom,from_QrLoadFileFile=,HTMLID
QFrom,from_QRLoadFileValues,HTMLID
QFrom,from_QRLoadFileValues=,HTMLID
QFrom,from_QRLoadFromStore,HTMLID
QFrom,from_QRLoadFromStore=,HTMLID
QFrom,from_SubQuery,HTMLID
QFrom,from_SubQuery=,HTMLID
QInsert,new,HTMLID
QInsert,into_columns,HTMLID
QInsert,into_columns=,HTMLID
QInsert,subq,HTMLID
QInsert,subq=,HTMLID
QInsert,tag,HTMLID
QInsert,tag=,HTMLID
QInsert,values,HTMLID
QInsert,values=,HTMLID
QRASTableCols,new,HTMLID
QRASTableCols,as_colnames,HTMLID
QRASTableCols,as_colnames=,HTMLID
QRASTableCols,as_tablename,HTMLID
QRASTableCols,as_tablename=,HTMLID
QRASTableCols,tag,HTMLID
QRASTableCols,tag=,HTMLID
QRCUD,new,HTMLID
QRCUD,destination_QrLoadFileFile,HTMLID
QRCUD,destination_QrLoadFileFile=,HTMLID
QRCUD,destination_string,HTMLID
QRCUD,destination_string=,HTMLID
QRCUD,kind_QDelete,HTMLID
QRCUD,kind_QDelete=,HTMLID
QRCUD,kind_QInsert,HTMLID
QRCUD,kind_QInsert=,HTMLID
QRCUD,kind_QUpdate,HTMLID
QRCUD,kind_QUpdate=,HTMLID
QRCUD,tag,HTMLID
QRCUD,tag=,HTMLID
QRDualCompareOperation,new,HTMLID
QRDualCompareOperation,tag,HTMLID
QRDualCompareOperation,tag=,HTMLID
QRDualCompareOperation,value,HTMLID
QRDualCompareOperation,value=,HTMLID
QRDualScalarOperation,new,HTMLID
QRDualScalarOperation,collect_aggr_funcs,HTMLID
QRDualScalarOperation,tag,HTMLID
QRDualScalarOperation,tag=,HTMLID
QRDualScalarOperation,value,HTMLID
QRDualScalarOperation,value=,HTMLID
QRFirstJoin,new,HTMLID
QRFirstJoin,first_from,HTMLID
QRFirstJoin,first_from=,HTMLID
QRFirstJoin,join_cover,HTMLID
QRFirstJoin,join_cover=,HTMLID
QRFirstJoin,more_from,HTMLID
QRFirstJoin,more_from=,HTMLID
QRFirstJoin,tag,HTMLID
QRFirstJoin,tag=,HTMLID
QRGroupBy,new,HTMLID
QRGroupBy,column,HTMLID
QRGroupBy,column=,HTMLID
QRGroupBy,table,HTMLID
QRGroupBy,table=,HTMLID
QRLimit,new,HTMLID
QRLimit,offset,HTMLID
QRLimit,offset=,HTMLID
QRLimit,row_count,HTMLID
QRLimit,row_count=,HTMLID
QRLoadColnameValueOntoStack,new,HTMLID
QRLoadColnameValueOntoStack,cached_column_indx,HTMLID
QRLoadColnameValueOntoStack,cached_column_indx=,HTMLID
QRLoadColnameValueOntoStack,cached_table_indx,HTMLID
QRLoadColnameValueOntoStack,cached_table_indx=,HTMLID
QRLoadColnameValueOntoStack,collect_aggr_funcs,HTMLID
QRLoadColnameValueOntoStack,colname,HTMLID
QRLoadColnameValueOntoStack,colname=,HTMLID
QRLoadColnameValueOntoStack,tablename,HTMLID
QRLoadColnameValueOntoStack,tablename=,HTMLID
QRLoadColnameValueOntoStack,tag_QRLoadColnameValueOntoStack,HTMLID
QRLoadColnameValueOntoStack,tag_QRLoadColnameValueOntoStack=,HTMLID
QrLoadFileFile,new,HTMLID
QrLoadFileFile,colnames,HTMLID
QrLoadFileFile,colnames=,HTMLID
QrLoadFileFile,filename,HTMLID
QrLoadFileFile,filename=,HTMLID
QrLoadFileFile,loadfilename,HTMLID
QrLoadFileFile,loadfilename=,HTMLID
QrLoadFileFile,tag,HTMLID
QrLoadFileFile,tag=,HTMLID
QRLoadFileValues,new,HTMLID
QRLoadFileValues,colnames,HTMLID
QRLoadFileValues,colnames=,HTMLID
QRLoadFileValues,filename,HTMLID
QRLoadFileValues,filename=,HTMLID
QRLoadFileValues,rows,HTMLID
QRLoadFileValues,rows=,HTMLID
QRLoadFileValues,tag_QRLoadFileValues,HTMLID
QRLoadFileValues,tag_QRLoadFileValues=,HTMLID
QRLoadFromStore,new,HTMLID
QRLoadFromStore,as_colnames,HTMLID
QRLoadFromStore,as_colnames=,HTMLID
QRLoadFromStore,as_tablename,HTMLID
QRLoadFromStore,as_tablename=,HTMLID
QRLoadFromStore,tablename,HTMLID
QRLoadFromStore,tablename=,HTMLID
QRLoadFromStore,tag_QRLoadFromStore,HTMLID
QRLoadFromStore,tag_QRLoadFromStore=,HTMLID
QRLoadNumberValueOntoStack,new,HTMLID
QRLoadNumberValueOntoStack,collect_aggr_funcs,HTMLID
QRLoadNumberValueOntoStack,tag_QRLoadNumberValueOntoStack,HTMLID
QRLoadNumberValueOntoStack,tag_QRLoadNumberValueOntoStack=,HTMLID
QRLoadNumberValueOntoStack,value,HTMLID
QRLoadNumberValueOntoStack,value=,HTMLID
QRLoadParamNameOnStack,new,HTMLID
QRLoadParamNameOnStack,collect_aggr_funcs,HTMLID
QRLoadParamNameOnStack,paramname,HTMLID
QRLoadParamNameOnStack,paramname=,HTMLID
QRLoadParamNameOnStack,tag_QRLoadParamNameOnStack,HTMLID
QRLoadParamNameOnStack,tag_QRLoadParamNameOnStack=,HTMLID
QRLoadStringValueOntoStack,new,HTMLID
QRLoadStringValueOntoStack,collect_aggr_funcs,HTMLID
QRLoadStringValueOntoStack,tag_QRLoadStringValueOntoStack,HTMLID
QRLoadStringValueOntoStack,tag_QRLoadStringValueOntoStack=,HTMLID
QRLoadStringValueOntoStack,value,HTMLID
QRLoadStringValueOntoStack,value=,HTMLID
QRMoreCondExpr,new,HTMLID
QRMoreCondExpr,and_or_or,HTMLID
QRMoreCondExpr,and_or_or=,HTMLID
QRMoreCondExpr,more,HTMLID
QRMoreCondExpr,more=,HTMLID
QRMoreJoin,new,HTMLID
QRMoreJoin,from,HTMLID
QRMoreJoin,from=,HTMLID
QRMoreJoin,join_cover,HTMLID
QRMoreJoin,join_cover=,HTMLID
QRMoreJoin,join_on,HTMLID
QRMoreJoin,join_on=,HTMLID
QRMoreJoin,tag,HTMLID
QRMoreJoin,tag=,HTMLID
QRMoreScalarExpr,new,HTMLID
QRMoreScalarExpr,collect_aggr_funcs,HTMLID
QRMoreScalarExpr,tag,HTMLID
QRMoreScalarExpr,tag=,HTMLID
QRMoreScalarExpr,the_oper,HTMLID
QRMoreScalarExpr,the_oper=,HTMLID
QRMoreScalarExpr,the_scalar,HTMLID
QRMoreScalarExpr,the_scalar=,HTMLID
QROneCondExpr,new,HTMLID
QROneCondExpr,collect_aggr_funcs,HTMLID
QROneCondExpr,left_scalaritem,HTMLID
QROneCondExpr,left_scalaritem=,HTMLID
QROneCondExpr,oper,HTMLID
QROneCondExpr,oper=,HTMLID
QROneCondExpr,right_scalaritem,HTMLID
QROneCondExpr,right_scalaritem=,HTMLID
QROneCondExpr,tag,HTMLID
QROneCondExpr,tag=,HTMLID
QROrderBy,new,HTMLID
QROrderBy,column_name,HTMLID
QROrderBy,column_name=,HTMLID
QROrderBy,column_number,HTMLID
QROrderBy,column_number=,HTMLID
QROrderBy,ordering,HTMLID
QROrderBy,ordering=,HTMLID
QRPartitionBy,new,HTMLID
QRPartitionBy,column,HTMLID
QRPartitionBy,column=,HTMLID
QRPartitionBy,table,HTMLID
QRPartitionBy,table=,HTMLID
QrPlainCTE,new,HTMLID
QrPlainCTE,colnames,HTMLID
QrPlainCTE,colnames=,HTMLID
QrPlainCTE,filename,HTMLID
QrPlainCTE,filename=,HTMLID
QrPlainCTE,instructions,HTMLID
QrPlainCTE,instructions=,HTMLID
QrPlainCTE,tag,HTMLID
QrPlainCTE,tag=,HTMLID
QRProject,new,HTMLID
QRProject,astablename,HTMLID
QRProject,astablename=,HTMLID
QRProject,columns,HTMLID
QRProject,columns=,HTMLID
QRProject,tag,HTMLID
QRProject,tag=,HTMLID
QRProjectItem,new,HTMLID
QRProjectItem,aggrfunction,HTMLID
QRProjectItem,aggrfunction=,HTMLID
QRProjectItem,as_colname,HTMLID
QRProjectItem,as_colname=,HTMLID
QRProjectItem,collect_aggr_funcs,HTMLID
QRProjectItem,columnfunction,HTMLID
QRProjectItem,columnfunction=,HTMLID
QRProjectItem,generated_aggr_name,HTMLID
QRProjectItem,generated_aggr_name=,HTMLID
QRProjectItem,kind,HTMLID
QRProjectItem,kind=,HTMLID
QRProjectItem,literalvalue,HTMLID
QRProjectItem,literalvalue=,HTMLID
QRProjectItem,look_up_colname,HTMLID
QRProjectItem,look_up_colname=,HTMLID
QRProjectItem,look_up_tablename,HTMLID
QRProjectItem,look_up_tablename=,HTMLID
QRProjectItem,over_window,HTMLID
QRProjectItem,over_window=,HTMLID
QRProjectItem,scalarexp,HTMLID
QRProjectItem,scalarexp=,HTMLID
QRProjectItem,subq,HTMLID
QRProjectItem,subq=,HTMLID
QRProjectItem,tag_QRProjectItem,HTMLID
QRProjectItem,tag_QRProjectItem=,HTMLID
QRProjectOver,new,HTMLID
QRProjectOver,order_by,HTMLID
QRProjectOver,order_by=,HTMLID
QRProjectOver,tag,HTMLID
QRProjectOver,tag=,HTMLID
QRProjectOver,window_name,HTMLID
QRProjectOver,window_name=,HTMLID
QRScalarExpr,new,HTMLID
QRScalarExpr,collect_aggr_funcs,HTMLID
QRScalarExpr,first_scalar,HTMLID
QRScalarExpr,first_scalar=,HTMLID
QRScalarExpr,more_scalars,HTMLID
QRScalarExpr,more_scalars=,HTMLID
QRScalarExpr,tag_QRScalarExpr,HTMLID
QRScalarExpr,tag_QRScalarExpr=,HTMLID
QRScalarItem,new,HTMLID
QRScalarItem,collect_aggr_funcs,HTMLID
QRScalarItem,item_QRLoadColnameValueOntoStack,HTMLID
QRScalarItem,item_QRLoadColnameValueOntoStack=,HTMLID
QRScalarItem,item_QRLoadNumberValueOntoStack,HTMLID
QRScalarItem,item_QRLoadNumberValueOntoStack=,HTMLID
QRScalarItem,item_QRLoadParamNameOnStack,HTMLID
QRScalarItem,item_QRLoadParamNameOnStack=,HTMLID
QRScalarItem,item_QRLoadStringValueOntoStack,HTMLID
QRScalarItem,item_QRLoadStringValueOntoStack=,HTMLID
QRScalarItem,item_QRProjectItem,HTMLID
QRScalarItem,item_QRProjectItem=,HTMLID
QRScalarItem,item_QRScalarExpr,HTMLID
QRScalarItem,item_QRScalarExpr=,HTMLID
QRScalarItem,item_SubQuery,HTMLID
QRScalarItem,item_SubQuery=,HTMLID
QRWhere,new,HTMLID
QRWhere,collect_aggr_funcs,HTMLID
QRWhere,first_cond_expr,HTMLID
QRWhere,first_cond_expr=,HTMLID
QRWhere,more_cond_expr,HTMLID
QRWhere,more_cond_expr=,HTMLID
QRWhere,tag,HTMLID
QRWhere,tag=,HTMLID
QRWindow,new,HTMLID
QRWindow,name,HTMLID
QRWindow,name=,HTMLID
QRWindow,orderby,HTMLID
QRWindow,orderby=,HTMLID
QRWindow,partitionby,HTMLID
QRWindow,partitionby=,HTMLID
QRWindow,tag,HTMLID
QRWindow,tag=,HTMLID
QRWithRecur,new,HTMLID
QRWithRecur,cte_tablename,HTMLID
QRWithRecur,cte_tablename=,HTMLID
QRWithRecur,first,HTMLID
QRWithRecur,first=,HTMLID
QRWithRecur,second,HTMLID
QRWithRecur,second=,HTMLID
QRWithRecur,tag,HTMLID
QRWithRecur,tag=,HTMLID
QShow,new,HTMLID
QShow,all_tables,HTMLID
QShow,all_tables=,HTMLID
QShow,one_table,HTMLID
QShow,one_table=,HTMLID
Query,new,HTMLID
Query,cte_plain,HTMLID
Query,cte_plain=,HTMLID
Query,cte_recur,HTMLID
Query,cte_recur=,HTMLID
Query,limit,HTMLID
Query,limit=,HTMLID
Query,orderby,HTMLID
Query,orderby=,HTMLID
Query,show_table,HTMLID
Query,show_table=,HTMLID
Query,subq,HTMLID
Query,subq=,HTMLID
Query,tag,HTMLID
Query,tag=,HTMLID
QUpdate,new,HTMLID
QUpdate,settings,HTMLID
QUpdate,settings=,HTMLID
QUpdate,tag,HTMLID
QUpdate,tag=,HTMLID
QUpdate,whereexpr,HTMLID
QUpdate,whereexpr=,HTMLID
QUpdateValue,new,HTMLID
QUpdateValue,assign_value,HTMLID
QUpdateValue,assign_value=,HTMLID
QUpdateValue,colname,HTMLID
QUpdateValue,colname=,HTMLID
SubQuery,new,HTMLID
SubQuery,aggr_funcs_in_project,HTMLID
SubQuery,aggr_funcs_in_project=,HTMLID
SubQuery,collect_aggr_funcs,HTMLID
SubQuery,derived_as,HTMLID
SubQuery,derived_as=,HTMLID
SubQuery,distinct,HTMLID
SubQuery,distinct=,HTMLID
SubQuery,dump,HTMLID
SubQuery,groupby,HTMLID
SubQuery,groupby=,HTMLID
SubQuery,having,HTMLID
SubQuery,having=,HTMLID
SubQuery,project,HTMLID
SubQuery,project=,HTMLID
SubQuery,tag_SubQuery,HTMLID
SubQuery,tag_SubQuery=,HTMLID
SubQuery,the_from,HTMLID
SubQuery,the_from=,HTMLID
SubQuery,whereexpr,HTMLID
SubQuery,whereexpr=,HTMLID
SubQuery,window,HTMLID
SubQuery,window=,HTMLID
TopInQr,new,HTMLID
TopInQr,the_CRUD,HTMLID
TopInQr,the_CRUD=,HTMLID
TopInQr,the_Query,HTMLID
TopInQr,the_Query=,HTMLID
RelatTableCreate,new,HTMLID
RelatTableCreate,collect_pk,HTMLID
RelatTableCreate,get_pk,HTMLID
RelatTableCreate,own_primary,HTMLID
RelatTableCreate,own_primary=,HTMLID
RelatTableCreate,parent_tables,HTMLID
RelatTableCreate,parent_tables=,HTMLID
RelatTableCreate,pk,HTMLID
RelatTableCreate,pk=,HTMLID
ResultSet,new,HTMLID
ResultSet,colnames,HTMLID
ResultSet,colnames=,HTMLID
ResultSet,dump,HTMLID
ResultSet,find_id_for_a_row,HTMLID
ResultSet,get_a_pk_iter,HTMLID
ResultSet,get_an_OuterRow_template,HTMLID
ResultSet,isAggregation,HTMLID
ResultSet,isAggregation=,HTMLID
ResultSet,isNumeric,HTMLID
ResultSet,isNumeric=,HTMLID
ResultSet,projection_as_json,HTMLID
ResultSet,qr_delete_rows,HTMLID
ResultSet,qr_update_row,HTMLID
ResultSet,rows,HTMLID
ResultSet,rows=,HTMLID
ResultSet,save_to_dir,HTMLID
ResultSet,tablenames,HTMLID
ResultSet,tablenames=,HTMLID
ResultSet,to_num,HTMLID
ResultSet,to_s,HTMLID
ResultSet,value,HTMLID
ResultSet,value=,HTMLID
Rot,new,HTMLID
Rot,build_one_fk_ref,HTMLID
Rot,build_one_plain_column,HTMLID
Rot,create_dbschema,HTMLID
Rot,export_create_sql,HTMLID
Rot,gen_ent_pk,HTMLID
Rot,gen_relat_pk,HTMLID
Rot,name_to_table,HTMLID
Rot,name_to_table=,HTMLID
Rot,prepare,HTMLID
Rot,rot,HTMLID
Rot,rot=,HTMLID
Rot,table_with_parents,HTMLID
Rot,table_with_parents=,HTMLID
Rot,tables,HTMLID
Rot,tables=,HTMLID
Rot,topoplogical_sort,HTMLID
Rot,topoplogical_sort=,HTMLID
Stack,new,HTMLID
Stack,get_below_top,HTMLID
Stack,get_top,HTMLID
Stack,pop,HTMLID
Stack,push,HTMLID
Stack,the_stack,HTMLID
Stack,the_stack=,HTMLID
Stepper,new,HTMLID
Stepper,content_now,HTMLID
Stepper,dump_content,HTMLID
Stepper,having_more,HTMLID
Stepper,next,HTMLID
Stepper,size,HTMLID
Stepper,size=,HTMLID
Stepper,the_rule,HTMLID
Stepper,the_rule=,HTMLID
Table,new,HTMLID
Table,count_relatives_refs_into,HTMLID
Table,count_relatives_refs_into=,HTMLID
Table,delete_rows,HTMLID
Table,do_cascade_delete_childs,HTMLID
Table,find_id_for_a_row,HTMLID
Table,get_a_pk_iter,HTMLID
Table,get_an_OuterRow_template,HTMLID
Table,index_own_pk,HTMLID
Table,index_own_pk=,HTMLID
Table,insert_rows,HTMLID
Table,kind,HTMLID
Table,kind=,HTMLID
Table,name,HTMLID
Table,name=,HTMLID
Table,pk_child_tables,HTMLID
Table,pk_child_tables=,HTMLID
Table,pk_child_tables_names,HTMLID
Table,pk_child_tables_names=,HTMLID
Table,qr_delete_rows,HTMLID
Table,qr_update_row,HTMLID
Table,relatives_childs_tables,HTMLID
Table,relatives_childs_tables=,HTMLID
Table,relatives_childs_tables_names,HTMLID
Table,relatives_childs_tables_names=,HTMLID
Table,save_to_dir,HTMLID
Table,the_col_index_pk,HTMLID
Table,the_col_index_pk=,HTMLID
Table,the_column_attributes,HTMLID
Table,the_column_attributes=,HTMLID
Table,the_columns,HTMLID
Table,the_columns=,HTMLID
Table,the_lastused_rowid,HTMLID
Table,the_lastused_rowid=,HTMLID
Table,the_parents,HTMLID
Table,the_parents=,HTMLID
Table,the_pk_col_names,HTMLID
Table,the_pk_col_names=,HTMLID
Table,the_pks,HTMLID
Table,the_pks=,HTMLID
Table,the_related_columns,HTMLID
Table,the_related_columns=,HTMLID
Table,the_rows,HTMLID
Table,the_rows=,HTMLID
Table,to_s,HTMLID
Table,update_attributes,HTMLID
Table,update_client_pk,HTMLID
Table,update_pk_row,HTMLID
ToExec,new,HTMLID
ToExec,genCharLiteral_Lx,HTMLID
ToExec,genCharSetExpr,HTMLID
ToExec,genChoice,HTMLID
ToExec,genexec,HTMLID
ToExec,genParts,HTMLID
ToExec,genRepeats,HTMLID
ToExec,genresoper,HTMLID
ToExec,genresword,HTMLID
ToExec,genRule,HTMLID
ToExec,genRuleref,HTMLID
ToExec,genSequence,HTMLID
ToExec,is_kind,HTMLID
ToExec,xxx_is_kind,HTMLID
TopAbsSyntTreeObj,new,HTMLID
TopAbsSyntTreeObj,data,HTMLID
TopAbsSyntTreeObj,data=,HTMLID
TopAbsSyntTreeObj,tag,HTMLID
TopAbsSyntTreeObj,tag=,HTMLID
ToParent,new,HTMLID
ToParent,fk_name,HTMLID
ToParent,fk_name=,HTMLID
ToParent,from_columns_in_pk,HTMLID
ToParent,from_columns_in_pk=,HTMLID
ToParent,key_and_rows,HTMLID
ToParent,key_and_rows=,HTMLID
ToParent,local_name,HTMLID
ToParent,local_name=,HTMLID
ToParent,row_and_key,HTMLID
ToParent,row_and_key=,HTMLID
ToParent,to_parent_name,HTMLID
ToParent,to_parent_name=,HTMLID
ToParent,to_parent_obj,HTMLID
ToParent,to_parent_obj=,HTMLID
ToParser,new,HTMLID
ToParser,escape_it,HTMLID
ToParser,first_in,HTMLID
ToParser,first_in_kids,HTMLID
ToParser,gen_CharSet,HTMLID
ToParser,genCharLiteral_Lx,HTMLID
ToParser,genCharSetExpr,HTMLID
ToParser,genCharSetInterval,HTMLID
ToParser,genCharSetList,HTMLID
ToParser,genChoice,HTMLID
ToParser,genedcode,HTMLID
ToParser,genedcode=,HTMLID
ToParser,genparser,HTMLID
ToParser,genParts,HTMLID
ToParser,genRepeats,HTMLID
ToParser,genresoper,HTMLID
ToParser,genresword,HTMLID
ToParser,genRule,HTMLID
ToParser,genRuleref,HTMLID
ToParser,genSequence,HTMLID
ToParser,rule_is_Cs,HTMLID
ToParser,rule_is_Cs=,HTMLID
ToParser,rule_is_General,HTMLID
ToParser,rule_is_General=,HTMLID
ToParser,rule_is_Lx,HTMLID
ToParser,rule_is_Lx=,HTMLID
ToRelated,new,HTMLID
ToRelated,col_names,HTMLID
ToRelated,col_names=,HTMLID
ToRelated,from_columns_in_own_row,HTMLID
ToRelated,from_columns_in_own_row=,HTMLID
ToRelated,is_optional,HTMLID
ToRelated,is_optional=,HTMLID
ToRelated,key_and_rows,HTMLID
ToRelated,key_and_rows=,HTMLID
ToRelated,row_and_key,HTMLID
ToRelated,row_and_key=,HTMLID
ToRelated,to_parent_name,HTMLID
ToRelated,to_parent_name=,HTMLID
ToRelated,to_parent_obj,HTMLID
ToRelated,to_parent_obj=,HTMLID
Verify,verify,HTMLID
VerifyBrowser,verify,HTMLID
VerifyRecipe,verify,HTMLID