get_args,HTMLID
new,HTMLID
content,HTMLID
content=,HTMLID
kind,HTMLID
kind=,HTMLID
rule_name,HTMLID
rule_name=,HTMLID
to_s,HTMLID
value,HTMLID
value=,HTMLID
count,HTMLID
count=,HTMLID
get_value,HTMLID
new_value,HTMLID
default_value,HTMLID
default_value=,HTMLID
doc,HTMLID
doc=,HTMLID
external_name,HTMLID
external_name=,HTMLID
name,HTMLID
name=,HTMLID
restriction,HTMLID
restriction=,HTMLID
summary,HTMLID
summary=,HTMLID
args,HTMLID
args=,HTMLID
block_arg,HTMLID
block_arg=,HTMLID
body,HTMLID
body=,HTMLID
double_splat,HTMLID
double_splat=,HTMLID
return_type,HTMLID
return_type=,HTMLID
splat_index,HTMLID
splat_index=,HTMLID
visibility,HTMLID
visibility=,HTMLID
yields,HTMLID
yields=,HTMLID
abstract,HTMLID
abstract=,HTMLID
args_string,HTMLID
args_string=,HTMLID
def,HTMLID
def=,HTMLID
html_id,HTMLID
html_id=,HTMLID
id,HTMLID
id=,HTMLID
source_link,HTMLID
source_link=,HTMLID
filename,HTMLID
filename=,HTMLID
program,HTMLID
program=,HTMLID
repository_name,HTMLID
repository_name=,HTMLID
alias,HTMLID
alias=,HTMLID
aliased,HTMLID
aliased=,HTMLID
ancestors,HTMLID
ancestors=,HTMLID
class_methods,HTMLID
class_methods=,HTMLID
const,HTMLID
const=,HTMLID
constants,HTMLID
constants=,HTMLID
constructors,HTMLID
constructors=,HTMLID
enum,HTMLID
enum=,HTMLID
extended_modules,HTMLID
extended_modules=,HTMLID
full_name,HTMLID
full_name=,HTMLID
included_modules,HTMLID
included_modules=,HTMLID
including_types,HTMLID
including_types=,HTMLID
instance_methods,HTMLID
instance_methods=,HTMLID
locations,HTMLID
locations=,HTMLID
macros,HTMLID
macros=,HTMLID
namespace,HTMLID
namespace=,HTMLID
path,HTMLID
path=,HTMLID
pick_modules,HTMLID
subclasses,HTMLID
subclasses=,HTMLID
superclass,HTMLID
superclass=,HTMLID
types,HTMLID
types=,HTMLID
the_params,HTMLID
the_params=,HTMLID
db,HTMLID
db=,HTMLID
go_exec_sql,HTMLID
go_exec_stored_procedure,HTMLID
process_rqst,HTMLID
collect_pk,HTMLID
entity,HTMLID
entity=,HTMLID
get_pk,HTMLID
plain_attributes,HTMLID
plain_attributes=,HTMLID
relat,HTMLID
relat=,HTMLID
related_attributes,HTMLID
related_attributes=,HTMLID
tablename,HTMLID
tablename=,HTMLID
is_optional,HTMLID
is_optional=,HTMLID
is_unique,HTMLID
is_unique=,HTMLID
relative_entity,HTMLID
relative_entity=,HTMLID
convert_r_nypscalarexp_2_QRScalarItem,HTMLID
ensure_resword,HTMLID
get_r_DQString_Lx_value,HTMLID
get_r_Number_Lx_value,HTMLID
get_r_Param_Lx_value,HTMLID
get_r_scalaroper_Lx_value,HTMLID
get_r_SQString_Lx_value,HTMLID
get_r_TID_value,HTMLID
get_resword_value,HTMLID
go,HTMLID
is_rulename,HTMLID
is_type_AS_CID,HTMLID
is_type_AS_TID,HTMLID
is_type_comment,HTMLID
is_type_deletebody,HTMLID
is_type_from,HTMLID
is_type_fullcondexpr,HTMLID
is_type_groupby,HTMLID
is_type_having,HTMLID
is_type_Identifier_Lx,HTMLID
is_type_insertbody,HTMLID
is_type_joiner_or_setoper,HTMLID
is_type_limit,HTMLID
is_type_Number_Lx,HTMLID
is_type_nyprojectitem,HTMLID
is_type_nypscalarexp,HTMLID
is_type_onrule,HTMLID
is_type_orderby,HTMLID
is_type_over,HTMLID
is_type_partby,HTMLID
is_type_project,HTMLID
is_type_projectbody,HTMLID
is_type_projselectbodyorscalarexp,HTMLID
is_type_scalarexp,HTMLID
is_type_scalarexpselectbodyorscalarexp,HTMLID
is_type_show,HTMLID
is_type_StandardFunctionEnum,HTMLID
is_type_tablename,HTMLID
is_type_tbl_alias,HTMLID
is_type_tbl_col_alias,HTMLID
is_type_TID,HTMLID
is_type_updatebody,HTMLID
is_type_value_or_select,HTMLID
is_type_where,HTMLID
is_type_whererule,HTMLID
is_type_window,HTMLID
is_type_with,HTMLID
is_type_withplain,HTMLID
is_type_withrecur,HTMLID
must_kind_value,HTMLID
r_AS_CID,HTMLID
r_AS_TID,HTMLID
r_column_comma_list,HTMLID
r_compoper_Lx,HTMLID
r_condexpr,HTMLID
r_deletebody,HTMLID
r_from,HTMLID
r_fullcondexpr,HTMLID
r_groupby,HTMLID
r_having,HTMLID
r_Identifier_Lx,HTMLID
r_insertbody,HTMLID
r_joiner_or_setoper,HTMLID
r_limit,HTMLID
r_nyprojectitem,HTMLID
r_nypscalarexp,HTMLID
r_onrule,HTMLID
r_orderby,HTMLID
r_over,HTMLID
r_partby,HTMLID
r_pcondexpr,HTMLID
r_project,HTMLID
r_projectbody,HTMLID
r_projselectbodyorscalarexp,HTMLID
r_pscalarexp,HTMLID
r_psimplecond,HTMLID
r_relation_body,HTMLID
r_scalarexp,HTMLID
r_scalarexpselectbodyorscalarexp,HTMLID
r_scalarterm,HTMLID
r_show,HTMLID
r_simplecond,HTMLID
r_simpleprojectitem,HTMLID
r_standardfunction,HTMLID
r_table_ref,HTMLID
r_tablename,HTMLID
r_tbl_col_alias,HTMLID
r_updatebody,HTMLID
r_value_list,HTMLID
r_value_or_select,HTMLID
r_where,HTMLID
r_whererule,HTMLID
r_window,HTMLID
r_with,HTMLID
r_withplain,HTMLID
r_withrecur,HTMLID
is_type_Digit09_Cs,HTMLID
is_type_Literal_Cs,HTMLID
is_type_plaincols,HTMLID
is_type_relcols,HTMLID
is_type_SQString_Lx,HTMLID
r_acolumn,HTMLID
r_colname,HTMLID
r_create,HTMLID
r_Createtable,HTMLID
r_Digit09_Cs,HTMLID
r_Digit19_Cs,HTMLID
r_entkey,HTMLID
r_enttable,HTMLID
r_Literal_Cs,HTMLID
r_plaincols,HTMLID
r_prefixed,HTMLID
r_relcols,HTMLID
r_relkey,HTMLID
r_reltable,HTMLID
r_sqlattribute,HTMLID
r_SQString_Lx,HTMLID
r_tablenameandmore,HTMLID
type_acolumn,HTMLID
type_colname,HTMLID
type_create,HTMLID
type_Createtable,HTMLID
type_Digit19_Cs,HTMLID
type_entkey,HTMLID
type_enttable,HTMLID
type_prefixed,HTMLID
type_relkey,HTMLID
type_reltable,HTMLID
type_sqlattribute,HTMLID
type_tablename,HTMLID
type_tablenameandmore,HTMLID
dump,HTMLID
isNumeric,HTMLID
isNumeric=,HTMLID
to_num,HTMLID
to_str,HTMLID
add_cte_def,HTMLID
add_values_def,HTMLID
find_table,HTMLID
tables,HTMLID
tables=,HTMLID
ent_classes,HTMLID
ent_classes=,HTMLID
ent_methods,HTMLID
ent_methods=,HTMLID
ent_modules,HTMLID
ent_modules=,HTMLID
rel_class_methods,HTMLID
rel_class_methods=,HTMLID
rel_module_methods,HTMLID
rel_module_methods=,HTMLID
is_type_acolumn,HTMLID
is_type_andor,HTMLID
is_type_colname,HTMLID
is_type_column_comma_list,HTMLID
is_type_condexpr,HTMLID
is_type_create,HTMLID
is_type_Createtable,HTMLID
is_type_Digit19_Cs,HTMLID
is_type_entkey,HTMLID
is_type_enttable,HTMLID
is_type_join_type,HTMLID
is_type_parentas,HTMLID
is_type_pcondexpr,HTMLID
is_type_Program,HTMLID
is_type_project_expression,HTMLID
is_type_projectitem,HTMLID
is_type_pscalarexp,HTMLID
is_type_psimplecond,HTMLID
is_type_relation_body,HTMLID
is_type_relkey,HTMLID
is_type_reltable,HTMLID
is_type_scalarterm,HTMLID
is_type_simplecond,HTMLID
is_type_simpleprojectitem,HTMLID
is_type_sqlattribute,HTMLID
is_type_standardfunction,HTMLID
is_type_table_ref,HTMLID
is_type_tablenameandmore,HTMLID
is_type_value_list,HTMLID
is_type_xxx,HTMLID
is_type_yyy,HTMLID
r_andor,HTMLID
r_join_type,HTMLID
r_Number_Lx,HTMLID
r_parentas,HTMLID
r_Program,HTMLID
r_project_expression,HTMLID
r_projectitem,HTMLID
r_tbl_alias,HTMLID
r_TID,HTMLID
r_xxx,HTMLID
r_yyy,HTMLID
add_csv_table,HTMLID
add_result_set,HTMLID
add_value_table,HTMLID
all_tables_as_result,HTMLID
cte_and_derived_tables,HTMLID
cte_and_derived_tables=,HTMLID
find_table_by_name,HTMLID
find_table_obj,HTMLID
one_table_as_result,HTMLID
save_to_dir,HTMLID
set_up_related_objs,HTMLID
pk,HTMLID
pk=,HTMLID
params,HTMLID
params=,HTMLID
path_csv,HTMLID
stack,HTMLID
exec_groupby,HTMLID
exec_project,HTMLID
exec_project_from_window,HTMLID
exec_scalarexpr,HTMLID
exec_show_table,HTMLID
exec_update_projection,HTMLID
exec_where,HTMLID
exec_window,HTMLID
execorderby,HTMLID
get_an_iter,HTMLID
join_it,HTMLID
qrdel,HTMLID
qrins,HTMLID
qrqr,HTMLID
qrupd,HTMLID
subqr,HTMLID
indexname,HTMLID
indexname=,HTMLID
asname,HTMLID
asname=,HTMLID
colnames,HTMLID
colnames=,HTMLID
collect_fk,HTMLID
collected_fk,HTMLID
collected_fk=,HTMLID
parent_table_name,HTMLID
parent_table_name=,HTMLID
parent_table_obj,HTMLID
parent_table_obj=,HTMLID
prefix,HTMLID
prefix=,HTMLID
set_value,HTMLID
all_ruleObjs,HTMLID
all_ruleObjs=,HTMLID
at,HTMLID
at=,HTMLID
ch,HTMLID
ch=,HTMLID
eofinput,HTMLID
f_CharLiteral_Lx,HTMLID
f_CharSet,HTMLID
f_CharSetExpr,HTMLID
f_Choice,HTMLID
f_Digit19_Cs,HTMLID
f_DIGIT_Fraction,HTMLID
f_DQString_Lx,HTMLID
f_Grammar,HTMLID
f_Identifier_Lx,HTMLID
f_Literal_Fraction,HTMLID
f_Number_Lx,HTMLID
f_OneCharLiteral_Lx,HTMLID
f_Primary,HTMLID
f_Repeats_Lx,HTMLID
f_Rule,HTMLID
f_Sequence,HTMLID
first_in_CharLiteral_Lx,HTMLID
first_in_DQString_Lx,HTMLID
first_in_Identifier_Lx,HTMLID
first_in_Number_Lx,HTMLID
first_in_Primary,HTMLID
first_in_Rule,HTMLID
in_any_next,HTMLID
in_must_and_nowhite_next,HTMLID
in_must_next,HTMLID
in_white,HTMLID
parseGrammer,HTMLID
rules,HTMLID
rules=,HTMLID
fromchar,HTMLID
fromchar=,HTMLID
kids,HTMLID
kids=,HTMLID
list,HTMLID
list=,HTMLID
refrulename,HTMLID
refrulename=,HTMLID
rule_type,HTMLID
rule_type=,HTMLID
rulename,HTMLID
rulename=,HTMLID
tochar,HTMLID
tochar=,HTMLID
tokenvalue,HTMLID
tokenvalue=,HTMLID
values,HTMLID
values=,HTMLID
columns,HTMLID
columns=,HTMLID
data_file_name,HTMLID
data_file_name=,HTMLID
dont_load_this,HTMLID
dont_load_this=,HTMLID
tablenam,HTMLID
tablenam=,HTMLID
rot,HTMLID
rot=,HTMLID
as_one_row,HTMLID
the_row,HTMLID
the_row=,HTMLID
paramname,HTMLID
paramname=,HTMLID
error,HTMLID
first_in_r_acolumn,HTMLID
first_in_r_andor,HTMLID
first_in_r_AS_CID,HTMLID
first_in_r_AS_TID,HTMLID
first_in_r_colname,HTMLID
first_in_r_column_comma_list,HTMLID
first_in_r_comments,HTMLID
first_in_r_compoper_Lx,HTMLID
first_in_r_condexpr,HTMLID
first_in_r_create,HTMLID
first_in_r_Createtable,HTMLID
first_in_r_deletebody,HTMLID
first_in_r_Digit09_Cs,HTMLID
first_in_r_Digit19_Cs,HTMLID
first_in_r_DQString_Lx,HTMLID
first_in_r_entkey,HTMLID
first_in_r_enttable,HTMLID
first_in_r_FloatNumber_Lx,HTMLID
first_in_r_from,HTMLID
first_in_r_fullcondexpr,HTMLID
first_in_r_groupby,HTMLID
first_in_r_having,HTMLID
first_in_r_Identifier_Lx,HTMLID
first_in_r_insertbody,HTMLID
first_in_r_IntegerNumber_Lx,HTMLID
first_in_r_join_type,HTMLID
first_in_r_joiner_or_setoper,HTMLID
first_in_r_limit,HTMLID
first_in_r_Literal_Cs,HTMLID
first_in_r_Number_Lx,HTMLID
first_in_r_nyprojectitem,HTMLID
first_in_r_nypscalarexp,HTMLID
first_in_r_onrule,HTMLID
first_in_r_orderby,HTMLID
first_in_r_over,HTMLID
first_in_r_Param_Lx,HTMLID
first_in_r_partby,HTMLID
first_in_r_pcondexpr,HTMLID
first_in_r_plaincols,HTMLID
first_in_r_prefixed,HTMLID
first_in_r_Program,HTMLID
first_in_r_project,HTMLID
first_in_r_projectbody,HTMLID
first_in_r_projselectbodyorscalarexp,HTMLID
first_in_r_psimplecond,HTMLID
first_in_r_relation_body,HTMLID
first_in_r_relcols,HTMLID
first_in_r_relkey,HTMLID
first_in_r_reltable,HTMLID
first_in_r_scalarexp,HTMLID
first_in_r_scalarexpselectbodyorscalarexp,HTMLID
first_in_r_scalaroper_Lx,HTMLID
first_in_r_scalarterm,HTMLID
first_in_r_simplecond,HTMLID
first_in_r_simpleprojectitem,HTMLID
first_in_r_sqlattribute,HTMLID
first_in_r_SQString_Lx,HTMLID
first_in_r_standardfunction,HTMLID
first_in_r_table_ref,HTMLID
first_in_r_tablename,HTMLID
first_in_r_tablenameandmore,HTMLID
first_in_r_tbl_col_alias,HTMLID
first_in_r_TID,HTMLID
first_in_r_updatebody,HTMLID
first_in_r_value_list,HTMLID
first_in_r_value_or_select,HTMLID
first_in_r_whererule,HTMLID
first_in_r_window,HTMLID
first_in_r_with,HTMLID
first_in_r_withplain,HTMLID
first_in_r_withrecur,HTMLID
in_res_oper,HTMLID
in_res_word,HTMLID
parseCreate,HTMLID
parseQuery,HTMLID
pgmsor,HTMLID
pgmsor=,HTMLID
r_comments,HTMLID
r_DQString_Lx,HTMLID
r_FloatNumber_Lx,HTMLID
r_fullrow_Lx,HTMLID
r_in_must_and_nowhite_next,HTMLID
r_IntegerNumber_Lx,HTMLID
r_Param_Lx,HTMLID
r_scalaroper_Lx,HTMLID
col_name,HTMLID
col_name=,HTMLID
is_indexed,HTMLID
is_indexed=,HTMLID
is_ordererd,HTMLID
is_ordererd=,HTMLID
sql_attributes,HTMLID
sql_attributes=,HTMLID
tag,HTMLID
tag=,HTMLID
whereexpr,HTMLID
whereexpr=,HTMLID
from_QRFirstJoin,HTMLID
from_QRFirstJoin=,HTMLID
from_QrLoadFileFile,HTMLID
from_QrLoadFileFile=,HTMLID
from_QRLoadFileValues,HTMLID
from_QRLoadFileValues=,HTMLID
from_QRLoadFromStore,HTMLID
from_QRLoadFromStore=,HTMLID
from_SubQuery,HTMLID
from_SubQuery=,HTMLID
into_columns,HTMLID
into_columns=,HTMLID
subq,HTMLID
subq=,HTMLID
as_colnames,HTMLID
as_colnames=,HTMLID
as_tablename,HTMLID
as_tablename=,HTMLID
destination_QrLoadFileFile,HTMLID
destination_QrLoadFileFile=,HTMLID
destination_string,HTMLID
destination_string=,HTMLID
kind_QDelete,HTMLID
kind_QDelete=,HTMLID
kind_QInsert,HTMLID
kind_QInsert=,HTMLID
kind_QUpdate,HTMLID
kind_QUpdate=,HTMLID
collect_aggr_funcs,HTMLID
first_from,HTMLID
first_from=,HTMLID
join_cover,HTMLID
join_cover=,HTMLID
more_from,HTMLID
more_from=,HTMLID
column,HTMLID
column=,HTMLID
table,HTMLID
table=,HTMLID
offset,HTMLID
offset=,HTMLID
row_count,HTMLID
row_count=,HTMLID
cached_column_indx,HTMLID
cached_column_indx=,HTMLID
cached_table_indx,HTMLID
cached_table_indx=,HTMLID
colname,HTMLID
colname=,HTMLID
tag_QRLoadColnameValueOntoStack,HTMLID
tag_QRLoadColnameValueOntoStack=,HTMLID
loadfilename,HTMLID
loadfilename=,HTMLID
rows,HTMLID
rows=,HTMLID
tag_QRLoadFileValues,HTMLID
tag_QRLoadFileValues=,HTMLID
tag_QRLoadFromStore,HTMLID
tag_QRLoadFromStore=,HTMLID
tag_QRLoadNumberValueOntoStack,HTMLID
tag_QRLoadNumberValueOntoStack=,HTMLID
tag_QRLoadParamNameOnStack,HTMLID
tag_QRLoadParamNameOnStack=,HTMLID
tag_QRLoadStringValueOntoStack,HTMLID
tag_QRLoadStringValueOntoStack=,HTMLID
and_or_or,HTMLID
and_or_or=,HTMLID
more,HTMLID
more=,HTMLID
from,HTMLID
from=,HTMLID
join_on,HTMLID
join_on=,HTMLID
the_oper,HTMLID
the_oper=,HTMLID
the_scalar,HTMLID
the_scalar=,HTMLID
left_scalaritem,HTMLID
left_scalaritem=,HTMLID
oper,HTMLID
oper=,HTMLID
right_scalaritem,HTMLID
right_scalaritem=,HTMLID
column_name,HTMLID
column_name=,HTMLID
column_number,HTMLID
column_number=,HTMLID
ordering,HTMLID
ordering=,HTMLID
instructions,HTMLID
instructions=,HTMLID
astablename,HTMLID
astablename=,HTMLID
aggrfunction,HTMLID
aggrfunction=,HTMLID
as_colname,HTMLID
as_colname=,HTMLID
columnfunction,HTMLID
columnfunction=,HTMLID
generated_aggr_name,HTMLID
generated_aggr_name=,HTMLID
literalvalue,HTMLID
literalvalue=,HTMLID
look_up_colname,HTMLID
look_up_colname=,HTMLID
look_up_tablename,HTMLID
look_up_tablename=,HTMLID
over_window,HTMLID
over_window=,HTMLID
scalarexp,HTMLID
scalarexp=,HTMLID
tag_QRProjectItem,HTMLID
tag_QRProjectItem=,HTMLID
order_by,HTMLID
order_by=,HTMLID
window_name,HTMLID
window_name=,HTMLID
first_scalar,HTMLID
first_scalar=,HTMLID
more_scalars,HTMLID
more_scalars=,HTMLID
tag_QRScalarExpr,HTMLID
tag_QRScalarExpr=,HTMLID
item_QRLoadColnameValueOntoStack,HTMLID
item_QRLoadColnameValueOntoStack=,HTMLID
item_QRLoadNumberValueOntoStack,HTMLID
item_QRLoadNumberValueOntoStack=,HTMLID
item_QRLoadParamNameOnStack,HTMLID
item_QRLoadParamNameOnStack=,HTMLID
item_QRLoadStringValueOntoStack,HTMLID
item_QRLoadStringValueOntoStack=,HTMLID
item_QRProjectItem,HTMLID
item_QRProjectItem=,HTMLID
item_QRScalarExpr,HTMLID
item_QRScalarExpr=,HTMLID
item_SubQuery,HTMLID
item_SubQuery=,HTMLID
first_cond_expr,HTMLID
first_cond_expr=,HTMLID
more_cond_expr,HTMLID
more_cond_expr=,HTMLID
orderby,HTMLID
orderby=,HTMLID
partitionby,HTMLID
partitionby=,HTMLID
cte_tablename,HTMLID
cte_tablename=,HTMLID
first,HTMLID
first=,HTMLID
second,HTMLID
second=,HTMLID
all_tables,HTMLID
all_tables=,HTMLID
one_table,HTMLID
one_table=,HTMLID
cte_plain,HTMLID
cte_plain=,HTMLID
cte_recur,HTMLID
cte_recur=,HTMLID
limit,HTMLID
limit=,HTMLID
show_table,HTMLID
show_table=,HTMLID
settings,HTMLID
settings=,HTMLID
assign_value,HTMLID
assign_value=,HTMLID
aggr_funcs_in_project,HTMLID
aggr_funcs_in_project=,HTMLID
derived_as,HTMLID
derived_as=,HTMLID
distinct,HTMLID
distinct=,HTMLID
groupby,HTMLID
groupby=,HTMLID
having,HTMLID
having=,HTMLID
project,HTMLID
project=,HTMLID
tag_SubQuery,HTMLID
tag_SubQuery=,HTMLID
the_from,HTMLID
the_from=,HTMLID
window,HTMLID
window=,HTMLID
the_CRUD,HTMLID
the_CRUD=,HTMLID
the_Query,HTMLID
the_Query=,HTMLID
own_primary,HTMLID
own_primary=,HTMLID
parent_tables,HTMLID
parent_tables=,HTMLID
find_id_for_a_row,HTMLID
get_a_pk_iter,HTMLID
get_an_OuterRow_template,HTMLID
isAggregation,HTMLID
isAggregation=,HTMLID
projection_as_json,HTMLID
qr_delete_rows,HTMLID
qr_update_row,HTMLID
tablenames,HTMLID
tablenames=,HTMLID
build_one_fk_ref,HTMLID
build_one_plain_column,HTMLID
create_dbschema,HTMLID
export_create_sql,HTMLID
gen_ent_pk,HTMLID
gen_relat_pk,HTMLID
name_to_table,HTMLID
name_to_table=,HTMLID
prepare,HTMLID
table_with_parents,HTMLID
table_with_parents=,HTMLID
topoplogical_sort,HTMLID
topoplogical_sort=,HTMLID
get_below_top,HTMLID
get_top,HTMLID
pop,HTMLID
push,HTMLID
the_stack,HTMLID
the_stack=,HTMLID
content_now,HTMLID
dump_content,HTMLID
having_more,HTMLID
next,HTMLID
size,HTMLID
size=,HTMLID
the_rule,HTMLID
the_rule=,HTMLID
count_relatives_refs_into,HTMLID
count_relatives_refs_into=,HTMLID
delete_rows,HTMLID
do_cascade_delete_childs,HTMLID
index_own_pk,HTMLID
index_own_pk=,HTMLID
insert_rows,HTMLID
pk_child_tables,HTMLID
pk_child_tables=,HTMLID
pk_child_tables_names,HTMLID
pk_child_tables_names=,HTMLID
relatives_childs_tables,HTMLID
relatives_childs_tables=,HTMLID
relatives_childs_tables_names,HTMLID
relatives_childs_tables_names=,HTMLID
the_col_index_pk,HTMLID
the_col_index_pk=,HTMLID
the_column_attributes,HTMLID
the_column_attributes=,HTMLID
the_columns,HTMLID
the_columns=,HTMLID
the_lastused_rowid,HTMLID
the_lastused_rowid=,HTMLID
the_parents,HTMLID
the_parents=,HTMLID
the_pk_col_names,HTMLID
the_pk_col_names=,HTMLID
the_pks,HTMLID
the_pks=,HTMLID
the_related_columns,HTMLID
the_related_columns=,HTMLID
the_rows,HTMLID
the_rows=,HTMLID
update_attributes,HTMLID
update_client_pk,HTMLID
update_pk_row,HTMLID
genCharLiteral_Lx,HTMLID
genCharSetExpr,HTMLID
genChoice,HTMLID
genexec,HTMLID
genParts,HTMLID
genRepeats,HTMLID
genresoper,HTMLID
genresword,HTMLID
genRule,HTMLID
genRuleref,HTMLID
genSequence,HTMLID
is_kind,HTMLID
xxx_is_kind,HTMLID
data,HTMLID
data=,HTMLID
fk_name,HTMLID
fk_name=,HTMLID
from_columns_in_pk,HTMLID
from_columns_in_pk=,HTMLID
key_and_rows,HTMLID
key_and_rows=,HTMLID
local_name,HTMLID
local_name=,HTMLID
row_and_key,HTMLID
row_and_key=,HTMLID
to_parent_name,HTMLID
to_parent_name=,HTMLID
to_parent_obj,HTMLID
to_parent_obj=,HTMLID
escape_it,HTMLID
first_in,HTMLID
first_in_kids,HTMLID
gen_CharSet,HTMLID
genCharSetInterval,HTMLID
genCharSetList,HTMLID
genedcode,HTMLID
genedcode=,HTMLID
genparser,HTMLID
rule_is_Cs,HTMLID
rule_is_Cs=,HTMLID
rule_is_General,HTMLID
rule_is_General=,HTMLID
rule_is_Lx,HTMLID
rule_is_Lx=,HTMLID
col_names,HTMLID
col_names=,HTMLID
from_columns_in_own_row,HTMLID
from_columns_in_own_row=,HTMLID
verify,HTMLID