Barnkalasmat,
Bröd,
Buffé,
Dessert,
Dryck,
Finskt,
Fisk,Alla sorters fisk. Både havs och insjö.
Fläskkött,
Franskt,
Förrätt,
Gratäng,
Grill,
Gryta,
Huvudrätt,
Indiskt,
Italienskt,
Kaka,
Kalv,
Kassler,
Korvrätter,
Kräftor,
Kyckling,
Lamm,
Lax,
Lunch,
Mackor,
Mexikanskt,
Nöt,
Omelett,
Paj,
Pasta,
Pastasås,
Pastej,
Potatis,
Potatisrätter,
Prov,
Puré,
Påsk,Passar till påsken
Sillrätt,
Skaldjur,
Soppa,
Spanskt,
Stek,Stekar på allt slags kött i ugn eller gryta.
Såser,
Thai,
Ugn,
Vegetarisk,
Vilt,
Wok,
Yoghurt,