1,Aruba,193,,AW,ABW,1
2,Afghanistan,652090,1919-08-19,AF,AFG,2
3,Angola,1246700,1975-11-11,AO,AGO,3
4,Anguilla,96,1967-05-30,AI,AIA,1
5,Albania,28748,1912-11-28,AL,ALB,4
6,Andorra,468,,AD,AND,4
7,Netherlands Antilles,800,,AN,ANT,1
8,United Arab Emirates,83600,1971-12-02,AE,ARE,5
9,Argentina,2780400,1816-07-09,AR,ARG,6
10,Armenia,29800,1991-09-21,AM,ARM,5
11,American Samoa,199,,AS,ASM,7
12,Antarctica,13120000,,AQ,ATA,8
13,French Southern territories,7780,,TF,ATF,8
14,Antigua and Barbuda,442,1981-11-01,AG,ATG,1
15,Australia,7741220,,AU,AUS,9
16,Austria,83859,1955-10-26,AT,AUT,10
17,Azerbaijan,86600,1991-10-18,AZ,AZE,5
18,Burundi,27834,1962-07-01,BI,BDI,11
19,Belgium,30518,1831-07-21,BE,BEL,10
20,Benin,112622,1960-08-01,BJ,BEN,12
21,Burkina Faso,274000,1960-08-05,BF,BFA,12
22,Bangladesh,143998,1971-03-26,BD,BGD,2
23,Bulgaria,110994,1878-03-03,BG,BGR,13
24,Bahrain,694,1971-12-16,BH,BHR,5
25,Bahamas,13878,,BS,BHS,1
26,Bosnia and Herzegovina,51197,1992-03-01,BA,BIH,4
27,Belarus,207600,1944-07-03,BY,BLR,13
28,Belize,22696,1981-09-21,BZ,BLZ,14
29,Bermuda,53,,BM,BMU,15
30,Bolivia,1098581,1825-08-06,BO,BOL,6
31,Brazil,8547403,1822-09-07,BR,BRA,6
32,Barbados,430,1966-11-30,BB,BRB,1
33,Brunei,5765,1984-01-01,BN,BRN,16
34,Bhutan,47000,,BT,BTN,2
35,Bouvet Island,59,,BV,BVT,8
36,Botswana,581730,1966-09-30,BW,BWA,17
37,Central African Republic,622984,1960-08-13,CF,CAF,3
38,Canada,9970610,1867-07-01,CA,CAN,15
39,Cocos (Keeling) Islands,14,,CC,CCK,9
40,Switzerland,41284,1291-08-01,CH,CHE,10
41,Chile,756626,1810-09-18,CL,CHL,6
42,China,9572900,,CN,CHN,18
43,Côte d’Ivoire,322463,,CI,CIV,12
44,Cameroon,475442,1960-01-01,CM,CMR,3
45,The Democratic Republic of the Congo,2344858,,CD,COD,3
46,Congo,342000,,CG,COG,3
47,Cook Islands,236,,CK,COK,7
48,Colombia,1138914,,CO,COL,6
49,Comoros,1862,1975-07-06,KM,COM,11
50,Cape Verde,4033,1975-07-05,CV,CPV,12
51,Costa Rica,51100,1821-09-15,CR,CRI,14
52,Cuba,110861,1868-10-10,CU,CUB,1
53,Christmas Island,135,,CX,CXR,9
54,Cayman Islands,264,,KY,CYM,1
55,Cyprus,9251,1960-10-01,CY,CYP,5
56,Czech Republic,78866,1918-10-28,CZ,CZE,13
57,Germany,357022,,DE,DEU,10
58,Djibouti,23200,1977-06-27,DJ,DJI,11
59,Dominica,751,1978-11-03,DM,DMA,1
60,Denmark,43094,,DK,DNK,19
61,Dominican Republic,48511,,DO,DOM,1
62,Algeria,2381741,1962-07-05,DZ,DZA,20
63,Ecuador,283561,1809-08-10,EC,ECU,6
64,Egypt,1001449,,EG,EGY,20
65,Eritrea,117600,1993-05-24,ER,ERI,11
66,Western Sahara,266000,,EH,ESH,20
67,Spain,505992,,ES,ESP,4
68,Estonia,45227,1918-02-24,EE,EST,21
69,Ethiopia,1104300,,ET,ETH,11
70,Finland,338145,1917-12-06,FI,FIN,19
71,Fiji Islands,18274,,FJ,FJI,22
72,Falkland Islands,12173,,FK,FLK,6
73,France,551500,1789-07-14,FR,FRA,10
74,Faroe Islands,1399,,FO,FRO,19
75,Federated States of Micronesia,702,,FM,FSM,23
76,Gabon,267668,1960-08-17,GA,GAB,3
77,United Kingdom,242900,,GB,GBR,24
78,Georgia,69700,1918-05-26,GE,GEO,5
79,Ghana,238533,1957-03-06,GH,GHA,12
80,Gibraltar,6,,GI,GIB,4
81,Guinea,245857,1958-10-02,GN,GIN,12
82,Guadeloupe,1705,,GP,GLP,1
83,Gambia,11295,,GM,GMB,12
84,Guinea-Bissau,36125,1973-09-24,GW,GNB,12
85,Equatorial Guinea,28051,1968-10-12,GQ,GNQ,3
86,Greece,131626,1821-03-25,GR,GRC,4
87,Grenada,344,1974-02-07,GD,GRD,1
88,Greenland,2166090,,GL,GRL,15
89,Guatemala,108889,1821-09-15,GT,GTM,14
90,French Guiana,90000,,GF,GUF,6
91,Guam,549,,GU,GUM,23
92,Guyana,214969,1966-05-26,GY,GUY,6
93,Hong Kong,1075,1997-07-01,HK,HKG,18
94,Heard Island and McDonald Islands,359,,HM,HMD,8
95,Honduras,112088,1821-09-15,HN,HND,14
96,Croatia,56538,1991-10-08,HR,HRV,4
97,Haiti,27750,1804-01-01,HT,HTI,1
98,Hungary,93030,1989-10-23,HU,HUN,13
99,Indonesia,1904569,1945-08-17,ID,IDN,16
100,India,3287263,1947-08-15,IN,IND,2
101,British Indian Ocean Territory,78,,IO,IOT,11
102,Ireland,70273,1916-04-24,IE,IRL,24
103,Iran,1648195,1979-04-01,IR,IRN,2
104,Iraq,438317,1932-10-03,IQ,IRQ,5
105,Iceland,103000,1944-06-17,IS,ISL,19
106,Israel,21056,1948-01-00,IL,ISR,5
107,Italy,301316,,IT,ITA,4
108,Jamaica,10990,1962-08-06,JM,JAM,1
109,Jordan,88946,1946-05-25,JO,JOR,5
110,Japan,377829,,JP,JPN,18
111,Kazakstan,2724900,,KZ,KAZ,2
112,Kenya,580367,1963-12-12,KE,KEN,11
113,Kyrgyzstan,199900,1991-08-31,KG,KGZ,2
114,Cambodia,181035,1953-11-09,KH,KHM,16
115,Kiribati,726,1979-07-12,KI,KIR,23
116,Saint Kitts and Nevis,261,1983-09-19,KN,KNA,1
117,South Korea,99434,,KR,KOR,18
118,Kuwait,17818,1961-02-25,KW,KWT,5
119,Laos,236800,1953-10-22,LA,LAO,16
120,Lebanon,10400,1943-11-22,LB,LBN,5
121,Liberia,111369,1847-07-26,LR,LBR,12
122,Libyan Arab Jamahiriya,1759540,,LY,LBY,20
123,Saint Lucia,622,1979-02-22,LC,LCA,1
124,Liechtenstein,160,,LI,LIE,10
125,Sri Lanka,65610,1948-02-04,LK,LKA,2
126,Lesotho,30355,1966-10-04,LS,LSO,17
127,Lithuania,65301,1918-02-16,LT,LTU,21
128,Luxembourg,2586,,LU,LUX,10
129,Latvia,64589,1918-11-18,LV,LVA,21
130,Macao,18,1999-12-20,MO,MAC,18
131,Morocco,446550,1956-11-18,MA,MAR,20
132,Monaco,1.50,,MC,MCO,10
133,Moldova,33851,1991-08-27,MD,MDA,13
134,Madagascar,587041,1960-06-26,MG,MDG,11
135,Maldives,298,1965-07-26,MV,MDV,2
136,Mexico,1958201,1810-09-16,MX,MEX,14
137,Marshall Islands,181,,MH,MHL,23
138,Macedonia,25713,,MK,MKD,4
139,Mali,1240192,1960-09-22,ML,MLI,12
140,Malta,316,1964-09-21,MT,MLT,4
141,Myanmar,676578,1948-01-04,MM,MMR,16
142,Mongolia,1566500,1911-12-29,MN,MNG,18
143,Northern Mariana Islands,464,,MP,MNP,23
144,Mozambique,801590,1975-06-25,MZ,MOZ,11
145,Mauritania,1025520,1960-11-28,MR,MRT,12
146,Montserrat,102,,MS,MSR,1
147,Martinique,1102,,MQ,MTQ,1
148,Mauritius,2040,1968-03-12,MU,MUS,11
149,Malawi,118484,1964-07-06,MW,MWI,11
150,Malaysia,329758,1957-08-31,MY,MYS,16
151,Mayotte,373,,YT,MYT,11
152,Namibia,824292,1990-03-21,NA,NAM,17
153,New Caledonia,18575,,NC,NCL,22
154,Niger,1267000,1960-08-03,NE,NER,12
155,Norfolk Island,36,,NF,NFK,9
156,Nigeria,923768,1960-10-01,NG,NGA,12
157,Nicaragua,130000,1821-09-15,NI,NIC,14
158,Niue,260,,NU,NIU,7
159,Netherlands,41526,,NL,NLD,10
160,Norway,323877,1814-05-17,NO,NOR,19
161,Nepal,147181,,NP,NPL,2
162,Nauru,21,1968-01-31,NR,NRU,23
163,New Zealand,270534,,NZ,NZL,9
164,Oman,309500,1650-11-18,OM,OMN,5
165,Pakistan,796095,1947-08-14,PK,PAK,2
166,Panama,75517,1821-11-28,PA,PAN,14
167,Pitcairn,49,,PN,PCN,7
168,Peru,1285216,1821-07-28,PE,PER,6
169,Philippines,300000,1898-06-12,PH,PHL,16
170,Palau,459,,PW,PLW,23
171,Papua New Guinea,462840,1975-09-16,PG,PNG,22
172,Poland,323250,1918-11-11,PL,POL,13
173,Puerto Rico,8875,,PR,PRI,1
174,North Korea,120538,,KP,PRK,18
175,Portugal,91982,1640-12-01,PT,PRT,4
176,Paraguay,406752,1811-05-15,PY,PRY,6
177,Palestine,6257,1988-11-15,PS,PSE,5
178,French Polynesia,4000,,PF,PYF,7
179,Qatar,11000,1971-12-18,QA,QAT,5
180,Réunion,2510,,RE,REU,11
181,Romania,238391,1877-05-09,RO,ROM,13
182,Russian Federation,17075400,,RU,RUS,13
183,Rwanda,26338,1962-07-01,RW,RWA,11
184,Saudi Arabia,2149690,,SA,SAU,5
185,Sudan,2505813,1956-01-01,SD,SDN,20
186,Senegal,196722,1960-04-04,SN,SEN,12
187,Singapore,618,1965-08-09,SG,SGP,16
188,South Georgia and the South Sandwich Islands,3903,,GS,SGS,8
189,Saint Helena,314,,SH,SHN,12
190,Svalbard and Jan Mayen,62422,,SJ,SJM,19
191,Solomon Islands,28896,1978-07-07,SB,SLB,22
192,Sierra Leone,71740,1961-04-27,SL,SLE,12
193,El Salvador,21041,1821-09-15,SV,SLV,14
194,San Marino,61,,SM,SMR,4
195,Somalia,637657,1960-07-01,SO,SOM,11
196,Saint Pierre and Miquelon,242,,PM,SPM,15
197,Sao Tome and Principe,964,,ST,STP,3
198,Suriname,163265,1975-11-25,SR,SUR,6
199,Slovakia,49012,1992-07-17,SK,SVK,13
200,Slovenia,20256,1991-01-00,SI,SVN,4
201,Sweden,449964,1523-06-06,SE,SWE,19
202,Swaziland,17364,,SZ,SWZ,17
203,Seychelles,455,1976-06-29,SC,SYC,11
204,Syria,185180,1946-04-17,SY,SYR,5
205,Turks and Caicos Islands,430,,TC,TCA,1
206,Chad,1284000,1960-08-11,TD,TCD,3
207,Togo,56785,1960-04-27,TG,TGO,12
208,Thailand,513115,,TH,THA,16
209,Tajikistan,143100,1991-09-09,TJ,TJK,2
210,Tokelau,12,,TK,TKL,7
211,Turkmenistan,488100,1991-09-27,TM,TKM,2
212,East Timor,14874,2002-05-20,TP,TMP,16
213,Tonga,650,1970-06-04,TO,TON,7
214,Trinidad and Tobago,5130,1962-08-31,TT,TTO,1
215,Tunisia,163610,1956-03-20,TN,TUN,20
216,Turkey,774815,,TR,TUR,5
217,Tuvalu,26,1978-10-01,TV,TUV,7
218,Taiwan,36188,1911-10-10,TW,TWN,18
219,Tanzania,883749,1961-12-09,TZ,TZA,11
220,Uganda,241038,1962-10-09,UG,UGA,11
221,Ukraine,603700,1991-08-24,UA,UKR,13
222,United States Minor Outlying Islands,16,,UM,UMI,25
223,Uruguay,175016,1825-08-25,UY,URY,6
224,United States,9363520,1776-07-04,US,USA,15
225,Uzbekistan,447400,1991-09-01,UZ,UZB,2
226,Holy See (Vatican City State),0.40,,VA,VAT,4
227,Saint Vincent and the Grenadines,388,1979-10-27,VC,VCT,1
228,Venezuela,912050,1811-07-05,VE,VEN,6
229,Virgin Islands British,151,,VG,VGB,1
230,Virgin Islands U.S.,347,,VI,VIR,1
231,Vietnam,331689,1945-09-02,VN,VNM,16
232,Vanuatu,12189,1980-07-30,VU,VUT,22
233,Wallis and Futuna,200,,WF,WLF,7
234,Samoa,2831,1962-01-01,WS,WSM,7
235,Yemen,527968,1967-11-30,YE,YEM,5
236,Yugoslavia,102173,,YU,YUG,4
237,South Africa,1221037,1931-12-11,ZA,ZAF,17
238,Zambia,752618,1964-10-24,ZM,ZMB,11
239,Zimbabwe,390757,1980-04-18,ZW,ZWE,11